jeongsigjang,00109,1955-10-10,2020-01-21,세종특별자치시 성동구 학동가 수빈이연립 Y동 747호,김정웅,minsu80@hanmail.net,062-362-1712,53,https://dummyimage.com/250x250,"Voluptatum voluptatem maiores tenetur. Cupiditate porro laborum consectetur ab.
Quis assumenda nihil eos quo perferendis magni. Quis minima ex repudiandae."
seunghyeon56,25463,1968-09-08,2020-01-17,경상북도 평창군 학동로 (수빈심면) 영호정아파트 L동 324호,김경숙,fi@gmail.com,043-814-2940,09,https://placekitten.com/250/250,Odio praesentium consectetur atque. Cum debitis nostrum. Rem iste enim tenetur ipsum omnis distinctio.
hyeonjugweon,39654,2014-10-11,2020-03-08,부산광역시 서초구 강남대가 진호박김타운 473호,오현지,vgim@daum.net,010-9072-8415,99,https://dummyimage.com/250x250,"Neque ea ratione sequi.
Earum quasi ducimus. Deleniti accusantium odio soluta.
Quia vero quisquam eius rem. Dolor hic eveniet mollitia distinctio placeat."
gimjongsu,35558,1919-10-05,2020-05-07,광주광역시 중랑구 테헤란거리 (광수이김마을) 옥자안타워,박은경,yejinjin@naver.com,041-408-6806,82,https://placeimg.com/250/250/any,"Dolores deleniti porro odio dignissimos occaecati quidem. Fugit totam sit nobis in laudantium.
Rem incidunt a. Quisquam consequuntur voluptatibus eaque mollitia. Tenetur neque dolores."
sanghyeongim,81871,1989-10-16,2020-02-08,전라남도 음성군 강남대가 (선영김이마을) 정식송연립 U동 409호,이지훈,jeongsigryu@daum.net,053-421-1812,34,https://placekitten.com/250/250,"Corrupti quod quam atque eligendi. Quam dolorem totam error quia repellendus optio aspernatur.
Tempore dolorem tempora quod. Veritatis inventore labore."
gimdoyun,54820,2011-12-05,2020-06-25,제주특별자치도 동해시 선릉13가 (성호이마을) 정숙김이아파트,오도윤,yeeungim@nate.com,052-214-4417,20,https://placekitten.com/250/250,Sit cupiditate perspiciatis id. Qui nostrum exercitationem hic dolores voluptatem. Dolore dolorum debitis sunt similique nostrum sequi.
cunjagu,54843,1906-12-19,2020-02-11,광주광역시 도봉구 개포로 예준송박연립 407호,하현준,yejin40@naver.com,032-443-2973,63,https://placeimg.com/250/250/any,Animi fuga doloremque dolores at eveniet. Veniam ad blanditiis beatae fugit. Saepe nisi dignissimos enim.
agim,45621,1978-03-04,2020-04-14,강원도 증평군 테헤란9로 (순옥조마을) 영희권우마을,이영일,zsong@hanmail.net,051-684-3520,95,https://placekitten.com/250/250,"Incidunt possimus occaecati id. Eligendi dolor nesciunt architecto. Expedita aperiam nostrum soluta.
Quos quisquam aperiam dolores. Eaque sed reprehenderit perferendis harum alias deleniti."
rbag,72614,1906-10-16,2020-02-25,경기도 안산시 상록구 양재천로 (재현김읍) 준영엄연립 V동 141호,류보람,sjeong@nate.com,051-211-4809,44,https://placeimg.com/250/250/any,"Deserunt cupiditate exercitationem suscipit.
Voluptatibus delectus voluptates in. Debitis repellat nihil odit. Voluptates error voluptatibus alias dolorem."
ihyeonjun,70005,1950-08-17,2020-01-10,울산광역시 강동구 선릉거리 옥자양아파트,김현준,jeongsui@gmail.com,011-020-3469,61,https://dummyimage.com/250x250,Dolor minima architecto maiores vel rem. Voluptatibus eos autem modi ducimus sit dolorem. Tenetur veniam quo veritatis quia molestias veritatis.
coehyeonsug,19482,1993-02-24,2020-06-15,인천광역시 북구 영동대837로 (지혜박동) 옥순오김타워,박영일,seungmini@naver.com,02-1323-7696,60,https://placeimg.com/250/250/any,"Deserunt dolorem impedit omnis deserunt aperiam inventore. Inventore enim illum natus architecto quam voluptates. Eius hic laboriosam quisquam.
Dolorem rem eveniet ea. Neque repellat omnis."
jeongnamcoe,12976,1958-11-02,2020-07-15,제주특별자치도 과천시 학동로 정웅박타워,이미정,iyeongjin@hanmail.net,055-926-5970,84,https://placekitten.com/250/250,"Quam consectetur quisquam quo labore sunt temporibus. In maxime porro explicabo cumque reprehenderit dicta laborum. Dignissimos harum qui blanditiis.
Enim est nam repellendus unde."
kyun,06772,2001-06-19,2020-01-29,전라남도 용인시 서초중앙가 (승민최동) 혜진김송연립 773호,문중수,ubag@naver.com,044-055-1585,04,https://dummyimage.com/250x250,Placeat mollitia repudiandae consequatur amet minus. Ipsam dolorem pariatur qui voluptatum blanditiis eaque. Nam consequuntur amet sed.
egim,74401,1914-12-08,2020-01-30,대구광역시 강북구 도산대47길 (예원송읍) 주원이최빌라 Z동 367호,김예은,seonghun98@hotmail.com,033-919-0095,91,https://dummyimage.com/250x250,"Autem maxime numquam optio nam doloremque. Vel suscipit voluptatum quas animi.
Architecto voluptates eligendi veritatis laudantium nulla dicta. Nisi ipsam nemo dignissimos."
minsu25,38850,1933-07-30,2020-07-24,충청북도 고양시 서초대5길 (수민이리) 성현최홍마을,이성훈,di@nate.com,044-792-3082,43,https://placeimg.com/250/250/any,"Minus atque illo commodi odit. Maxime nobis ab vitae.
Tempora ab doloremque molestias culpa repellendus.
Fugit totam minus nesciunt recusandae veniam. Nobis dicta dolorem officia."
mijeongbag,92678,1931-06-23,2020-07-07,강원도 부천시 원미구 양재천5로 (종수이읍) 은영이연립,이정훈,gimgyeonghyi@live.com,019-950-4555,62,https://placeimg.com/250/250/any,Ipsa similique nemo consequatur neque. Ipsa animi animi esse iusto corporis ducimus neque.
ui,37792,1952-02-03,2020-03-26,전라북도 부천시 오정구 학동거리 혜진이타워 057호,이동현,seoyeong36@dreamwiz.com,053-496-9252,53,https://www.lorempixel.com/250/250,Aliquid modi odit quisquam provident fugiat magni vero. Quidem iure sapiente nesciunt sit enim. Sapiente ratione reiciendis asperiores.
bgim,33706,1946-12-08,2020-07-13,대구광역시 서구 선릉길 (성수김이리) 영수김연립 465호,노영호,misug09@dreamwiz.com,051-323-8088,29,https://placeimg.com/250/250/any,"Unde neque iure unde aliquam cum nostrum. Debitis labore ipsum optio expedita molestiae cupiditate labore.
Ratione tenetur quas nobis autem odio. Dolores neque laborum ratione assumenda."
isumin,17902,1904-12-25,2020-01-29,제주특별자치도 제천시 도산대가 현숙양노타운,김지후,jiucoe@naver.com,042-297-4753,77,https://placeimg.com/250/250/any,Quaerat architecto voluptatibus rem possimus vel in repellendus. Vel accusantium quidem eos blanditiis ea dolores pariatur. Totam delectus incidunt quibusdam dolores optio quod.
myeongsug36,77513,1937-03-20,2020-07-28,제주특별자치도 횡성군 영동대로 (영자고김면) 정순김서타워 081호,최주원,fo@hanmail.net,041-040-4573,84,https://www.lorempixel.com/250/250,Aperiam iste repellat tenetur dignissimos nobis minima. Quasi voluptatibus odit voluptas. Laborum nostrum esse temporibus.
gyeongja19,11929,1931-03-04,2020-02-13,서울특별시 마포구 압구정390길 (서연이동) 성훈박황마을 508호,윤미숙,jeonghunseo@nate.com,063-694-7992,07,https://placekitten.com/250/250,Quisquam sunt numquam asperiores. Amet temporibus eius totam quaerat dolor. Maxime nihil error qui hic voluptatem occaecati.
mbag,08028,1950-11-17,2020-02-11,전라남도 공주시 삼성99거리 (예준이면) 영일오류빌라 188호,이은지,misugcoe@dreamwiz.com,063-766-6524,79,https://www.lorempixel.com/250/250,Incidunt quas tempore magnam. Tempore molestias repellat reprehenderit amet sapiente tempora sint. Vero doloribus eligendi quas asperiores ducimus. Dicta optio possimus excepturi culpa quidem cum.
xyun,34587,1998-10-26,2020-04-27,인천광역시 노원구 가락로 정숙박이빌라 496호,이수진,jungsu73@dreamwiz.com,042-907-0876,99,https://dummyimage.com/250x250,Necessitatibus sed unde iure dolores amet. Consequuntur voluptate officia minus cum sapiente. A soluta ratione necessitatibus culpa provident.
gimyeongil,55136,1952-11-19,2020-05-09,강원도 수원시 장안구 언주160길 (영미김이마을) 경숙안김아파트,심지혜,jeongsugbag@daum.net,051-426-0368,16,https://www.lorempixel.com/250/250,Quo libero aut unde distinctio ratione molestias. Doloribus laudantium atque magni esse quae voluptates provident.
seonghyeon91,55347,1933-07-02,2020-05-25,전라남도 수원시 팔달구 도산대길 (진호심마을) 정훈이이마을 815호,배서영,yeongsiggim@hanmail.net,041-040-0687,31,https://placekitten.com/250/250,"Ab odit itaque eum voluptatem vero expedita.
Dolore temporibus numquam sapiente.
Animi iste cumque illo at sit. Qui magnam dicta tenetur. Corrupti minima modi."
subini,12760,1952-03-28,2020-03-19,대구광역시 송파구 개포473로 (채원김마을) 경수문연립 U동 239호,주영진,yejin28@naver.com,043-071-8002,89,https://www.lorempixel.com/250/250,Corrupti alias consequatur autem labore earum. Beatae saepe delectus vel modi vitae.
ci,56593,1927-09-18,2020-03-29,전라남도 광명시 서초중앙54거리 경수박연립 가동 255호,김준서,vson@nate.com,031-444-8590,68,https://placeimg.com/250/250/any,Qui molestias aperiam ullam sunt nisi tempora dolorum. Fuga laboriosam ad eos. Dolores repellat assumenda pariatur perspiciatis corporis in culpa.
gimjuweon,53983,1946-10-08,2020-07-28,대전광역시 동작구 선릉260길 현준민연립 S동 332호,이상철,minsu01@nate.com,054-487-8467,83,https://placekitten.com/250/250,Optio illum earum iure rem similique. Eligendi iste libero totam soluta enim molestiae maxime. Voluptatum optio nam optio quia alias.
sunja12,76094,1964-04-02,2020-06-25,울산광역시 마포구 선릉로 (민지최리) 수민권아파트 218호,김경자,junhojang@live.com,044-640-0050,48,https://placeimg.com/250/250/any,Totam suscipit sapiente numquam libero eveniet magni. Quo magni nihil itaque ipsum ut incidunt. Ullam dignissimos amet harum. Distinctio nemo magni qui eaque maiores aliquid.
fbag,14200,2016-11-17,2020-05-16,충청북도 화천군 언주2가 상현이아파트 004호,오성민,seongsui@hanmail.net,042-973-9321,81,https://placeimg.com/250/250/any,Aperiam nemo deleniti hic. Fugiat laboriosam quia dolores veritatis. Explicabo rerum quisquam dolor aliquam.
myeongjagim,73362,1936-04-17,2020-02-27,서울특별시 강남구 테헤란7로 (주원오동) 영숙이노아파트 나동 443호,최은주,seonghyeoncoe@gmail.com,017-664-4314,58,https://www.lorempixel.com/250/250,"Dolorum ipsum accusamus odio voluptas inventore esse. Rem hic assumenda hic.
Quibusdam voluptates occaecati ipsum dignissimos. Iure quod dolorum odit suscipit."
hyeonsug78,46706,1939-04-04,2020-02-16,대전광역시 마포구 가락4로 (민석김허면) 민준민마을,서진호,jiweon09@hotmail.com,010-4574-0751,10,https://dummyimage.com/250x250,"Sit quam laudantium autem harum odit sunt. Recusandae earum molestias molestiae exercitationem.
Debitis ullam suscipit numquam. Dolor debitis sint. Aspernatur alias maxime."
jongsu13,87312,1906-04-04,2020-02-23,경상북도 평택시 석촌호수638가 상현조아파트 806호,박현정,zmin@naver.com,031-220-9562,58,https://www.lorempixel.com/250/250,Deserunt neque architecto accusantium animi sed. Eius sapiente expedita. Maxime nihil nesciunt assumenda blanditiis labore.
junhyeoggim,29225,2000-05-03,2020-06-28,제주특별자치도 증평군 선릉4가 (성진박김면) 지연김연립,박서연,misug15@hanmail.net,041-130-1245,60,https://placekitten.com/250/250,"Eos vitae inventore. Unde placeat minus aperiam eveniet sunt.
Nisi neque corporis odit quibusdam incidunt. Minima expedita modi accusamus minima."
yejin09,87256,1980-09-21,2020-04-28,광주광역시 종로구 테헤란3거리 (예원서조면) 서준최마을,김서윤,seojun70@naver.com,062-865-2589,69,https://placeimg.com/250/250/any,"Corrupti quisquam voluptates labore. Molestiae recusandae porro nulla temporibus possimus.
Quos assumenda facilis iusto ipsam. Possimus magni saepe qui eaque."
eunjui,77932,1966-02-25,2020-02-11,대구광역시 강동구 개포가 서윤양박연립 241호,강정순,kbag@live.com,017-920-0904,76,https://placeimg.com/250/250/any,In accusamus porro adipisci iusto soluta labore. Molestias veritatis ab enim ipsa dolores vitae.
jinubag,83823,1975-01-04,2020-05-09,경기도 용인시 논현가 (예준하남마을) 서준이장타워 S동 410호,이예준,idonghyeon@hanmail.net,054-789-3291,82,https://dummyimage.com/250x250,Sunt aut recusandae recusandae amet. Ullam odit recusandae numquam error incidunt. Autem tempora iure. Neque nemo corrupti sint.
byeongceolyang,52469,1967-01-19,2020-05-18,울산광역시 강북구 강남대가 하은이백마을 889호,손지원,gimjeongsun@live.com,070-1293-1228,90,https://placekitten.com/250/250,"Voluptate deserunt similique minus. Illo inventore amet totam.
Laborum unde veritatis aliquid nulla. Eos laudantium sint consequatur a voluptates."
hanseongjin,67461,1962-04-06,2020-06-16,서울특별시 서초구 역삼30가 (지연이리) 지영이연립 R동 680호,이숙자,yunjunhyeog@gmail.com,031-578-0542,68,https://dummyimage.com/250x250,Ab iure suscipit optio. Omnis a vel autem molestias. Quos laborum iusto provident reiciendis magni unde.
sonyeonghyi,04543,2011-12-02,2020-07-18,대구광역시 도봉구 개포0가 (영환이김마을) 지은최연립 다동 160호,박성현,simsanghyeon@hanmail.net,055-077-3814,86,https://placeimg.com/250/250/any,"Deserunt velit maxime asperiores soluta. Sequi atque quas. Ut aliquid commodi eaque exercitationem alias.
Error esse sequi inventore autem non. Facilis veniam quaerat mollitia."
gimeungyeong,33076,1928-05-28,2020-03-13,강원도 의정부시 서초중앙거리 미정김배마을 775호,김순자,di@dreamwiz.com,033-574-0739,28,https://placekitten.com/250/250,Doloremque cupiditate iure laboriosam perspiciatis iure blanditiis. Repellat nisi neque vel necessitatibus neque eligendi.
minseojo,54777,1923-10-12,2020-05-17,충청남도 여주시 선릉64가 영자최타운 바동 029호,김서현,juweongim@gmail.com,044-250-8593,22,https://placekitten.com/250/250,Consequatur dignissimos odio excepturi voluptatibus rerum tenetur tempore. Voluptas incidunt iste rerum quibusdam amet. Debitis perferendis velit quisquam maxime.
ryuhyeonji,11846,1983-04-26,2020-02-14,대전광역시 서초구 논현길 (수진이김리) 현준이아파트 O동 937호,장정남,jaehyeon15@hanmail.net,053-607-7172,25,https://www.lorempixel.com/250/250,Laborum sequi quidem. Accusamus exercitationem beatae ipsum.
bagjeongsug,73384,1919-07-01,2020-03-19,전라남도 광주시 언주54가 명숙성이아파트,박광수,yujin44@daum.net,052-069-0787,44,https://placekitten.com/250/250,Libero eum quidem. Facilis nostrum omnis dolorem ipsa. Fugiat necessitatibus libero labore deleniti voluptates.
jiweon59,17450,1959-11-24,2020-03-31,충청북도 광주시 선릉로 (예지이면) 수진김박타워 453호,김준호,gwagjieun@daum.net,053-166-2004,08,https://dummyimage.com/250x250,Beatae quis dolor rerum doloremque amet quaerat. Temporibus alias aliquam perferendis placeat voluptatum vitae.
gimjinho,14760,1941-02-03,2020-05-25,경기도 양평군 서초중앙거리 (서윤권면) 성민김손빌라 792호,김아름,gimminjae@nate.com,053-385-6677,61,https://placekitten.com/250/250,Nihil tempora voluptatibus. Nihil in atque. Fugiat provident quas aut repellendus dolorum magni eveniet.
xryu,67705,1974-02-26,2020-03-31,전라북도 증평군 압구정가 (정숙류서리) 민수강김빌라 가동 437호,김은영,geonugim@naver.com,070-5448-0539,21,https://placeimg.com/250/250/any,Laudantium magnam ducimus quaerat eum impedit pariatur. Tempora aut natus officiis soluta dolor. Nihil quis nisi quis repellat voluptates exercitationem.
heoyunseo,05902,1979-10-05,2020-02-28,경상북도 진천군 반포대로 민지조타워 R동 301호,강예준,jeongsig72@hotmail.com,052-345-0841,82,https://www.lorempixel.com/250/250,Iusto molestiae vel excepturi eligendi. Dolor velit autem eaque illo ipsa. Culpa eveniet mollitia hic dolorem.
yujinbaeg,67642,1961-07-29,2020-04-16,제주특별자치도 용인시 기흥구 테헤란2거리 영진신빌라 906호,이도윤,ijia@dreamwiz.com,02-1498-2921,47,https://placekitten.com/250/250,Ab perspiciatis ad dicta quasi ab ratione. Repudiandae officia unde fuga totam minus. In unde voluptate laboriosam blanditiis repellendus vel dignissimos.
qgim,48506,1980-10-10,2020-08-02,충청남도 당진시 압구정길 정식최타운 260호,조광수,jia02@hanmail.net,064-767-6820,58,https://placekitten.com/250/250,"Cumque porro molestiae odit quo ipsam ea alias.
Blanditiis ipsam at libero accusamus consequuntur odit. A eligendi fugiat occaecati in commodi."
jaehyeon23,06416,1950-10-24,2020-03-14,세종특별자치시 용산구 논현길 (건우김이마을) 수민서타운 B동 269호,김지원,eyun@hanmail.net,019-605-2483,77,https://www.lorempixel.com/250/250,Corporis quae quis fugit. Facilis voluptate sit numquam optio dignissimos assumenda ratione. Consectetur saepe quae molestiae repudiandae. Ea qui minima explicabo adipisci laborum.
jeongsigbag,09137,1931-11-10,2020-05-05,서울특별시 강동구 가락로 숙자김윤빌라 B동 782호,김은주,coesujin@gmail.com,054-709-7288,15,https://www.lorempixel.com/250/250,Debitis maxime accusantium consequatur. A minus hic.
joyeongmi,53598,1910-01-29,2020-06-17,경상남도 증평군 학동4가 서연김배빌라,권상훈,iujin@nate.com,017-315-5579,07,https://placekitten.com/250/250,Nesciunt quas eius magni eum voluptate quasi. Dolorum assumenda eius in.
sunogi,95369,1956-02-15,2020-01-10,전라남도 예산군 삼성거리 (순자박읍) 미숙이연립 071호,김정자,myeongsugo@naver.com,043-908-3772,90,https://placekitten.com/250/250,Delectus repellendus ex. Cum nulla distinctio maxime minima occaecati.
doyunjeon,21703,2006-07-15,2020-07-06,전라북도 홍성군 삼성5가 (영숙이서동) 정희윤김타워 J동 735호,오미영,fi@hanmail.net,017-570-7698,52,https://dummyimage.com/250x250,"Voluptatum sapiente maiores.
Cum esse tempore blanditiis illum. Mollitia distinctio facilis tempora consectetur atque animi. Consequuntur in eum incidunt voluptatibus."
gimogsun,62595,1954-03-10,2020-01-29,충청북도 진천군 강남대71가 (예준박김리) 명숙배이타운,김은주,jaehojeon@daum.net,044-600-5218,51,https://dummyimage.com/250x250,"Officiis saepe optio enim. Atque nihil recusandae modi temporibus ipsum.
Amet tenetur sunt odit earum sequi dolor. Expedita aliquam quaerat rerum nihil officiis."
jihungim,77694,2010-11-13,2020-03-19,강원도 안양시 만안구 서초중앙로 영철이김타워 W동 965호,김유진,gimogsun@nate.com,016-897-3973,16,https://placekitten.com/250/250,"Sequi animi minima laboriosam culpa. Magnam vero debitis ducimus.
Cumque labore vero aperiam iste sed magni id. Itaque laboriosam similique aliquam sed cum blanditiis iure."
seungminbag,39546,1932-01-31,2020-05-17,울산광역시 강서구 선릉0가 (지연최서면) 경수이타운 452호,김승민,gangareum@dreamwiz.com,055-014-2535,37,https://www.lorempixel.com/250/250,Dolorum asperiores dignissimos similique tempora consequuntur modi facilis. Eligendi nesciunt veniam hic exercitationem maiores sed. Est maiores reiciendis modi error odit.
eungyeong03,07538,1968-03-09,2020-01-03,대구광역시 북구 삼성549가 경숙김아파트 502호,장민석,cbae@dreamwiz.com,041-840-8579,15,https://placeimg.com/250/250/any,Cumque occaecati officia maiores beatae. Nihil provident libero voluptatibus.
ai,02147,2016-04-22,2020-03-16,전라남도 성남시 백제고분길 혜진이연립,김정남,ujo@live.com,019-690-5416,07,https://placekitten.com/250/250,"Minima amet blanditiis quod deleniti tempore quod. Iste eligendi perspiciatis consequuntur.
Cupiditate omnis nam. Vel quod deleniti sunt non at laboriosam quasi."
ijeongsug,13749,2007-11-18,2020-02-13,인천광역시 중랑구 테헤란거리 재현박박타워 569호,남서준,minsuhwang@gmail.com,017-055-8069,76,https://dummyimage.com/250x250,Itaque aperiam consectetur expedita. Inventore reprehenderit doloribus doloremque cum doloremque. Ex neque repudiandae rem.
qbag,35685,1956-07-13,2020-01-16,경상남도 천안시 서북구 봉은사거리 준영박타운,이은지,vi@live.com,053-814-7411,48,https://dummyimage.com/250x250,Quasi quisquam quam necessitatibus. Veritatis a distinctio aliquid consequuntur. Odit velit libero debitis. Ad tempora sint repellendus odit eligendi.
pgim,79662,1949-09-23,2020-02-03,세종특별자치시 서초구 영동대가 (경숙이한동) 도윤최마을 848호,성현정,zo@daum.net,032-542-4106,64,https://placekitten.com/250/250,Voluptatem aliquid ducimus atque inventore sint doloribus. Explicabo assumenda deleniti repellat consequatur molestias. Totam perspiciatis dolores perspiciatis.
yumijeong,29692,1965-10-29,2020-08-07,전라남도 진천군 봉은사로 지은류김연립 347호,이보람,hwangdohyeon@nate.com,010-1875-7145,38,https://dummyimage.com/250x250,Tempora voluptates quod qui nihil. Tenetur accusamus fuga recusandae incidunt. Consequuntur recusandae doloremque ea natus officia laborum.
gimhyeonju,49440,1909-09-23,2020-03-05,전라남도 수원시 영통구 강남대거리 준혁이이빌라,이도윤,ihyejin@daum.net,017-244-2382,93,https://dummyimage.com/250x250,Dolore nihil et voluptas dolorem ut cum. Architecto fuga in beatae.
myeongsuggim,93201,1987-07-01,2020-02-13,경기도 김포시 선릉298거리 (성진민동) 영미고빌라 Z동 829호,박현정,coejinho@hotmail.com,053-245-3473,88,https://dummyimage.com/250x250,"Ex voluptas totam quia et cum hic in. Asperiores ipsam ea a libero.
Atque dolorum quis tempore. Quibusdam eveniet asperiores et tenetur laudantium tempore. Voluptas impedit labore placeat."
jongsu55,61329,2008-02-24,2020-03-25,광주광역시 서초구 잠실로 (승민김이리) 성현김아파트,최경희,jiyeong78@hotmail.com,02-0784-9545,87,https://placekitten.com/250/250,"Eaque reiciendis hic neque atque facilis iste. Placeat eligendi deserunt est omnis doloremque ipsa asperiores.
Dolores libero esse incidunt possimus. Repellat adipisci a aut quia repellat enim animi."
cju,72095,1999-07-17,2020-02-18,광주광역시 노원구 논현가 (수민유이면) 영숙김타워 S동 249호,김영일,igim@gmail.com,054-547-8164,88,https://placekitten.com/250/250,A placeat magni animi. Placeat natus quo dolor repudiandae corporis corrupti. Tempore ex commodi enim natus perspiciatis.
seongminryu,05811,1921-07-25,2020-04-10,대구광역시 서초구 강남대354거리 성수박허타운,문영일,byeongceolgim@daum.net,053-271-0770,92,https://dummyimage.com/250x250,Tempora vel magni. Officiis suscipit harum. Dignissimos natus explicabo id suscipit vitae.
useong,16568,2013-07-31,2020-06-15,충청남도 청양군 가락31길 (민재류읍) 영자서허타워 B동 490호,김혜진,seoyeon40@dreamwiz.com,018-095-1286,44,https://placeimg.com/250/250/any,Animi quo aliquam eum similique minus. Vitae placeat architecto similique quia modi. Dolorem porro distinctio explicabo ea.
bmun,36383,2018-06-12,2020-01-25,서울특별시 동작구 양재천길 (옥순오동) 지우이마을 Y동 663호,이예지,dgim@gmail.com,017-949-3233,34,https://placeimg.com/250/250/any,Fugit in voluptate placeat beatae. Ipsam in animi sapiente optio minima distinctio. Asperiores facere dolore labore molestias a.
iyeji,92786,1953-11-04,2020-04-21,제주특별자치도 시흥시 테헤란거리 민지하타운,김영환,hyeonjeonggweon@gmail.com,018-532-1645,82,https://www.lorempixel.com/250/250,"Eaque laboriosam praesentium aperiam saepe facilis. Earum culpa nihil quas incidunt qui ullam. Ad ratione dolorem quos sed tempora tempore.
Unde porro repellendus vel iste ad a delectus."
caeweonseo,94023,2006-04-25,2020-01-09,경기도 남양주시 석촌호수023로 정자이아파트 P동 512호,박은경,gwangsuhong@gmail.com,041-850-1326,78,https://placeimg.com/250/250/any,"Ipsa quaerat sit perspiciatis.
Dolore fugit eum laborum. Possimus totam libero perspiciatis voluptas. Voluptate culpa facilis accusantium autem."
ganghyeonji,37963,1965-07-20,2020-07-15,경상남도 고성군 서초중앙길 (정수이읍) 영진김이빌라 968호,안현지,jungsu16@daum.net,041-509-8082,45,https://placeimg.com/250/250/any,"Voluptatem minima nulla facere ipsa quo vitae.
Perferendis tempore dignissimos. Natus atque eius ratione earum."
minsubag,46919,1965-10-10,2020-06-04,전라북도 영동군 학동30가 지우홍마을 932호,이수민,yeonghwan01@naver.com,044-998-9711,84,https://placeimg.com/250/250/any,"Repellendus inventore odio corrupti. Soluta ex excepturi voluptate eligendi.
Ea perspiciatis aspernatur consectetur ex explicabo accusamus. Velit nisi reprehenderit beatae."
yeeun64,87311,1998-05-01,2020-01-22,인천광역시 금천구 삼성로 영환윤타워,박혜진,eunji49@gmail.com,042-983-3913,12,https://www.lorempixel.com/250/250,"Nesciunt placeat rerum iste sequi incidunt animi rem. Quam veniam aliquam delectus dolore officia. Quibusdam quasi veritatis quos sed.
Saepe assumenda saepe tempora dicta doloremque."
bgim,18675,1998-10-16,2020-02-10,경상남도 동두천시 강남대가 영철박김아파트 바동 863호,박윤서,eungyeong67@hotmail.com,018-613-0106,19,https://dummyimage.com/250x250,"Hic assumenda adipisci quos. A in nam quis eligendi.
Eos voluptatem eaque ab magnam sunt sequi laborum. Qui quae ratione."
jihye78,59470,1918-08-02,2020-03-12,세종특별자치시 종로구 봉은사가 (정희윤배읍) 예은김한빌라 O동 349호,김예은,seoyeonggwag@live.com,017-570-0377,23,https://dummyimage.com/250x250,"Pariatur distinctio debitis. Placeat ut tenetur aliquam ad magnam.
Debitis nulla asperiores accusantium enim. Mollitia amet laboriosam iusto adipisci natus a vel."
gyeongjana,75307,2005-01-31,2020-07-26,충청북도 원주시 개포거리 (상철김양마을) 채원허타워,이현정,iyunseo@dreamwiz.com,017-640-8543,06,https://dummyimage.com/250x250,Eos officiis ex omnis odit. Ad quo odio iure asperiores ratione totam. Sequi deserunt aspernatur neque expedita saepe.
baghyejin,69345,1919-11-07,2020-02-17,강원도 부여군 오금019가 영자김안타운,김민준,gimhyeonji@dreamwiz.com,011-844-5268,29,https://www.lorempixel.com/250/250,Assumenda iure voluptatem voluptatem dolore. Nobis nemo ullam amet.
vgim,44287,1995-01-24,2020-01-05,제주특별자치도 동두천시 봉은사509가 영철고최타워 K동 564호,박현지,ihyeonu@live.com,064-717-2096,28,https://dummyimage.com/250x250,Ducimus quos corrupti nobis voluptatum. Maxime possimus nihil sequi voluptatem officiis.
yeweonbag,50885,1925-02-25,2020-06-13,인천광역시 용산구 삼성길 (종수장마을) 현준이빌라 J동 971호,김영순,sangho19@gmail.com,011-320-8522,40,https://placeimg.com/250/250/any,Commodi accusantium dolores excepturi exercitationem ullam hic. Iusto quo aspernatur totam corporis.
byeongceol01,94335,1964-12-21,2020-04-03,광주광역시 동구 영동대407길 성호박이타워 258호,이건우,hanyeongmi@dreamwiz.com,043-811-9073,32,https://placekitten.com/250/250,Iure velit quas harum animi culpa. Ut eaque atque saepe provident recusandae maxime.
tcoe,12984,2000-03-29,2020-07-17,전라남도 안산시 상록구 강남대로 은서김아파트,이하은,ugim@gmail.com,070-0871-3526,32,https://placekitten.com/250/250,"Commodi est soluta voluptatibus accusantium quasi quibusdam. In provident labore excepturi aliquam voluptate reiciendis.
Sequi quasi debitis dicta minima. Dolorum cupiditate ullam voluptates."
yan,40169,1944-02-18,2020-06-29,전라남도 예산군 잠실220로 (영진박최리) 준영김송타워 648호,박명자,junseojeon@dreamwiz.com,070-9411-4394,51,https://www.lorempixel.com/250/250,Consectetur consequuntur non quam suscipit quisquam nihil unde. Iure totam a.
gimsunja,73159,1928-03-16,2020-01-05,광주광역시 금천구 영동대60가 (채원김김면) 순옥김타워,최정남,cunja27@live.com,019-449-1725,59,https://www.lorempixel.com/250/250,Ducimus commodi incidunt ullam tempore delectus eum. Facilis provident tenetur quis deleniti. Voluptatum maxime quam error est alias.
yunmyeongsug,53841,1937-08-15,2020-04-20,경상북도 수원시 팔달구 양재천56거리 성민오김연립 T동 600호,정은지,vbag@dreamwiz.com,070-5454-8264,15,https://placekitten.com/250/250,"Animi quo voluptate. Consequatur labore repudiandae explicabo.
Recusandae molestiae dolores eum in."
gimseonghun,79762,1990-01-08,2020-02-17,인천광역시 구로구 석촌호수가 영환강최마을,손민서,agang@hanmail.net,02-3092-9568,79,https://placeimg.com/250/250/any,"Nesciunt cupiditate repudiandae itaque. Quos fuga eius et illum quaerat.
Minima recusandae ex aspernatur. Quisquam iste doloremque. Dicta minus eos nisi ea."
ti,35795,2020-05-24,2020-04-28,대전광역시 광진구 삼성길 (지원남김면) 옥순오마을 529호,노성수,ijeongsun@gmail.com,070-4121-8384,00,https://placeimg.com/250/250/any,Eos quasi eaque mollitia earum explicabo. Vitae quisquam autem architecto ducimus dignissimos autem.
goseongsu,96291,2005-11-16,2020-07-19,부산광역시 광진구 개포가 준혁김마을 N동 463호,서지훈,bju@dreamwiz.com,010-8728-0079,26,https://placekitten.com/250/250,Laboriosam dolorem aliquid. Accusantium quidem molestias exercitationem velit eligendi. Autem voluptatem nemo fugit sed dignissimos.
sugjai,14074,1949-05-18,2020-02-29,제주특별자치도 광명시 가락6가 중수홍이마을 981호,김은서,coemigyeong@naver.com,010-7129-4184,51,https://placeimg.com/250/250/any,"Corporis esse maxime quos asperiores consequatur vero. Ab sunt illo sed assumenda suscipit.
Provident illo veniam delectus ex sequi."
ho,13875,1998-02-24,2020-01-31,전라남도 서산시 양재천6거리 (은영박읍) 영진김주타워,홍영일,cha@live.com,064-726-7376,00,https://www.lorempixel.com/250/250,"Nulla repudiandae reprehenderit doloribus nulla. Deleniti autem dicta ipsa accusamus.
Iusto nam amet possimus iusto. Alias est ex ad ea. Optio earum veritatis mollitia."
sujin57,14406,1964-11-14,2020-08-03,충청남도 태안군 역삼거리 성수곽마을 마동 842호,송미정,gjo@dreamwiz.com,017-987-0002,47,https://www.lorempixel.com/250/250,Odit ea aliquam perferendis adipisci. Quisquam possimus dolore facere. Porro quod vitae facilis dolores blanditiis exercitationem accusamus. A quisquam ex labore recusandae suscipit impedit.
minseohwang,86125,1934-04-17,2020-05-07,제주특별자치도 가평군 학동14길 지혜최양타운 라동 369호,문정웅,ygim@nate.com,055-761-9450,90,https://dummyimage.com/250x250,Consequatur iusto labore. Deserunt praesentium sunt pariatur. Vitae culpa eveniet esse dolor.
miyeong71,13642,2004-08-06,2020-05-08,전라남도 양평군 잠실길 광수김유마을,권진호,zsong@naver.com,043-991-7811,11,https://www.lorempixel.com/250/250,"Voluptate dolorem laborum delectus. Eveniet modi sequi aspernatur.
Assumenda veritatis maxime maxime dolorem. Repellendus error quisquam facilis dolores non."
njo,06761,1905-06-12,2020-05-08,경상북도 삼척시 역삼55거리 영수박타운,최영수,ji@naver.com,043-810-5054,98,https://www.lorempixel.com/250/250,Provident neque numquam dicta sit nobis maiores. Vel consectetur eos. Magni sapiente dolorum reiciendis pariatur.
bseo,01411,1969-07-21,2020-07-28,경상남도 김포시 압구정70가 (윤서민박동) 서준김마을 U동 688호,장영미,hyeonji61@naver.com,018-532-1207,16,https://dummyimage.com/250x250,"Aspernatur eveniet similique dicta atque et.
Sint culpa magni iusto placeat eum ducimus. Quo culpa ipsam non facilis."
seongjin31,77091,2010-12-09,2020-04-20,인천광역시 서초구 백제고분거리 (숙자장박면) 상철배박연립 J동 553호,김성호,mijeong66@hotmail.com,02-3384-1114,35,https://dummyimage.com/250x250,Consequuntur autem animi doloribus quis perferendis maxime.
vbaeg,07587,2002-06-05,2020-04-22,세종특별자치시 종로구 석촌호수83가 (아름임류리) 현준이타워 741호,안정식,myeongja36@nate.com,010-2779-8850,32,https://placeimg.com/250/250/any,Maiores impedit soluta. Aspernatur repellat vitae beatae ducimus. Sapiente nulla earum ducimus.
seoyeon28,02006,1914-11-12,2020-03-22,충청남도 가평군 역삼거리 (영철허동) 경숙김박타운,박성현,hyejin83@naver.com,041-972-6442,28,https://dummyimage.com/250x250,Sapiente tempora eveniet harum ut. Quod nisi tempore commodi quibusdam accusantium nesciunt.
sugja17,44031,1941-12-10,2020-05-24,인천광역시 동대문구 서초대가 도현강황연립 230호,이광수,anboram@hotmail.com,043-118-4927,96,https://dummyimage.com/250x250,Minus fuga laborum non accusamus quas. Saepe deserunt fugit quis temporibus laudantium ut sit. Non omnis recusandae illo nostrum.
jyun,78779,1947-08-11,2020-06-04,울산광역시 영등포구 학동로 (수빈최손마을) 정훈류김연립 가동 252호,장민서,qson@hotmail.com,053-604-8159,23,https://placeimg.com/250/250/any,Maiores impedit veniam iste libero eligendi fugit.
seongminjang,64269,1943-03-29,2020-05-28,충청북도 정선군 선릉780길 재호윤김타워,김춘자,jaeho25@gmail.com,019-319-9291,63,https://www.lorempixel.com/250/250,Sit a culpa tenetur officiis maiores ex deleniti. Quod alias qui labore laboriosam. Magni porro ipsum cupiditate eius quia porro.
hyeonju56,22438,1934-10-01,2020-01-17,부산광역시 동작구 도산대거리 현정이류아파트 621호,홍도윤,seohyeonheo@gmail.com,042-867-0361,23,https://placekitten.com/250/250,"Totam distinctio cupiditate rerum. Facere dicta sed.
Quisquam qui ratione temporibus quo. Commodi autem voluptatibus minima optio. Labore eos qui sapiente ducimus."
minseoggim,40108,1914-03-27,2020-02-05,전라남도 안양시 동안구 학동16거리 (지은조김리) 은영권고연립 B동 192호,이성호,jungsu44@live.com,016-088-6443,07,https://placekitten.com/250/250,Quasi pariatur necessitatibus deleniti officia. Similique cupiditate facere rerum ut. Suscipit dolorem officiis cupiditate dolores assumenda debitis.
seohyeongim,86820,1972-03-13,2020-04-28,부산광역시 남구 봉은사410가 정식김타운 마동 490호,김현준,hgo@gmail.com,041-893-9696,80,https://placekitten.com/250/250,"Corrupti cum voluptatem accusamus minima rerum odit. Veniam corrupti fugit odio.
Esse cum nesciunt libero ab exercitationem. Dolor autem quisquam assumenda quidem."
yeeun25,74802,1969-04-29,2020-07-21,충청북도 오산시 도산대235거리 영식정아파트 C동 373호,김수빈,sanghyeoncoe@hanmail.net,011-989-3850,80,https://placekitten.com/250/250,"Quaerat cum voluptates.
Vitae reiciendis ducimus debitis. Tenetur natus soluta natus totam ullam. Perspiciatis vitae expedita libero error non."
jeonghogim,98658,1908-04-14,2020-06-19,대전광역시 마포구 도산대73길 (현우이면) 서준김문마을 190호,박미정,ijeongung@hotmail.com,017-174-0337,75,https://dummyimage.com/250x250,"Alias alias voluptatem tempore illo cum impedit. Alias quod harum ullam unde. Eveniet aspernatur excepturi ipsa. Vero repellat eveniet.
Totam sit at. Quo accusamus dolorem nostrum alias expedita."
ijaehyeon,06330,1928-02-29,2020-07-10,서울특별시 구로구 가락7가 (현준송박마을) 상호이아파트 L동 467호,이재현,jongsui@dreamwiz.com,019-481-3380,16,https://placeimg.com/250/250/any,"Quaerat cumque impedit. Officia nesciunt ipsum deserunt voluptate sed consectetur commodi. Illum soluta voluptates.
Minima sunt similique. Quaerat repellendus autem quia fugiat."
seonghun34,88059,1999-12-01,2020-07-26,세종특별자치시 종로구 오금1로 지혜이아파트 905호,이영환,cgo@gmail.com,02-6674-2747,34,https://placekitten.com/250/250,Qui voluptatum animi delectus quibusdam praesentium. Eius magni accusamus pariatur.
junhyeogbag,62108,2000-02-05,2020-01-02,전라북도 안양시 만안구 잠실로 (서연성읍) 도윤이이아파트 T동 198호,조경수,gimyeongsun@hanmail.net,062-864-1275,37,https://dummyimage.com/250x250,Facilis ex cum non amet dolores iure. Dignissimos blanditiis blanditiis tenetur iusto. Cum magnam est accusantium fugit numquam.
jiagim,97471,1981-08-14,2020-07-26,경기도 시흥시 개포449거리 현숙김아파트 S동 961호,서은주,seoyeong62@dreamwiz.com,062-229-6540,81,https://dummyimage.com/250x250,Facere rem laudantium cupiditate nihil esse quam. Odit quo sed voluptates vel. Perferendis id dolorem officiis.
gimsumin,45729,1988-08-08,2020-03-06,전라남도 삼척시 개포가 정순이빌라,이상훈,bagjeongung@daum.net,033-668-1043,13,https://www.lorempixel.com/250/250,Non fugiat omnis suscipit. Tenetur temporibus unde molestiae culpa similique nulla. Quidem quaerat quidem totam magnam sed.
gimogja,28890,1972-12-23,2020-03-03,대전광역시 성동구 선릉가 지혜고이아파트 013호,허지혜,isugja@hotmail.com,051-905-8224,08,https://www.lorempixel.com/250/250,"At reiciendis repellendus vero illo voluptatem neque. Soluta voluptate officia voluptatibus quos excepturi.
Ad at debitis. Repudiandae quae omnis officia nisi fugit. Quibusdam hic ex nobis."
dgim,05272,1955-09-19,2020-05-21,광주광역시 강남구 봉은사0거리 지아김타운,이지우,seonyeong82@naver.com,033-037-7120,32,https://dummyimage.com/250x250,Rerum esse deserunt vel officiis mollitia fuga magni. Numquam consectetur deleniti. Nam vel reprehenderit.
yeweon05,46747,1916-02-14,2020-07-30,부산광역시 성북구 백제고분로 (윤서양손마을) 지아민송타워 D동 446호,김민재,iseoyeon@hotmail.com,033-995-0729,78,https://placeimg.com/250/250/any,Quibusdam nulla maxime. Provident natus veniam reprehenderit et illo. Asperiores nihil impedit fugit quod repudiandae. Laborum dolores tenetur tenetur distinctio aut omnis.
yunseoseo,26862,1932-02-04,2020-04-15,강원도 제천시 개포81가 재현박타운 Q동 776호,주성현,fgim@nate.com,051-987-9111,29,https://dummyimage.com/250x250,Ut blanditiis accusantium quas repellat. Ullam placeat id. Ducimus aut aperiam inventore repudiandae.
eunyeong45,86446,1992-02-20,2020-02-07,대전광역시 서대문구 개포거리 (지은백서읍) 영숙김박타워,김민재,haeun78@gmail.com,063-142-1959,42,https://www.lorempixel.com/250/250,Debitis neque quidem. Eius repellat cumque optio neque tenetur fugit. Repellendus facere possimus non quasi quod quaerat dolor.
iyeongsig,75894,1954-03-27,2020-02-22,대전광역시 광진구 석촌호수84길 영일김타운 마동 865호,양성훈,hanjiyeon@naver.com,043-450-8386,14,https://placekitten.com/250/250,Minus suscipit quos tenetur. Accusantium provident iste nulla porro sequi culpa. Occaecati blanditiis eligendi culpa cum.
qi,73514,2018-12-28,2020-03-24,경상북도 고양시 일산서구 압구정66가 (지영강읍) 수민강김마을,권현준,yunjihu@hotmail.com,016-404-3886,68,https://placeimg.com/250/250/any,"Magni at vel recusandae repellat eius. Voluptatum repellat officiis odio.
Quod similique earum. Maxime soluta iure. Cumque eos expedita."
miyeonggim,42882,1935-10-01,2020-01-05,부산광역시 성북구 영동대길 종수박아파트 E동 646호,박예원,mjang@gmail.com,017-096-0486,89,https://placeimg.com/250/250/any,"Harum tempora voluptatem vel. Voluptates ipsa hic mollitia.
Omnis nemo officiis sapiente. Facilis dolorem eos possimus officiis officia. Quibusdam nulla tenetur veniam modi dolorem."
jeongsucoe,92529,2000-11-20,2020-01-26,서울특별시 동구 영동대로 옥자오김마을 543호,김동현,jangjeonghun@live.com,062-375-3408,81,https://dummyimage.com/250x250,Esse totam distinctio dolor tempore ea expedita. Quod esse asperiores assumenda molestias enim aperiam earum. Ad alias veritatis dolor dicta aperiam voluptates esse.
gimjeonghyi,79232,1949-09-12,2020-03-22,세종특별자치시 강북구 양재천로 (상현김읍) 건우고마을 B동 498호,심영길,gimeunseo@hanmail.net,042-882-5850,75,https://dummyimage.com/250x250,"Quos quam reprehenderit ullam dolores.
A ex accusamus delectus et. Placeat tempore ea vel. Neque tempora rerum laborum consequuntur ipsam veniam. Tempora id quo voluptates quo."
jojeongho,78068,1933-10-28,2020-01-06,세종특별자치시 양천구 도산대5로 (미영김이읍) 영철김타워 V동 383호,엄병철,bagyeji@hanmail.net,041-537-4366,80,https://dummyimage.com/250x250,"Temporibus corrupti soluta harum explicabo enim laudantium. Quae fugiat eius eveniet.
Debitis ut aspernatur est neque voluptates optio ratione. Est rerum necessitatibus ex."
gweonyeonghwan,77772,1978-04-17,2020-02-16,인천광역시 서구 오금가 현우이김마을 C동 076호,송민석,ujo@hotmail.com,044-086-5876,50,https://placeimg.com/250/250/any,Rem molestiae alias libero error. Distinctio iusto dolorum laborum. Dignissimos fugiat eaque minus veritatis.
ao,36456,2009-07-06,2020-01-15,광주광역시 동구 선릉4길 (미정김동) 예은윤윤타워 Z동 344호,김우진,dohyeon26@hotmail.com,042-362-2882,41,https://placeimg.com/250/250/any,Odit consectetur ipsum cum delectus. Nulla doloribus veritatis quaerat animi aut. Explicabo nisi nobis consequatur voluptates fugit.
cbag,14205,2003-06-29,2020-06-16,울산광역시 동구 석촌호수길 (보람김면) 은경강연립,김은주,agwag@hotmail.com,02-2409-3609,99,https://www.lorempixel.com/250/250,"Inventore sequi praesentium quasi omnis.
Perferendis optio ipsa molestias id. Dolor aliquid dolores dignissimos sit saepe. Rem perspiciatis sit animi voluptates adipisci."
pyun,93770,1922-09-10,2020-03-09,부산광역시 북구 학동543로 (성민김김동) 성민이박연립 Z동 519호,김숙자,eunyeonggim@nate.com,017-631-6834,17,https://placeimg.com/250/250/any,Dolorum reprehenderit dolore ducimus possimus. Quidem perferendis unde commodi. Dolor rerum a sapiente.
jaeho38,37605,1915-07-10,2020-06-07,대전광역시 강북구 테헤란828길 명숙김타운 F동 433호,김명숙,bagyeongsug@hanmail.net,017-461-5751,96,https://placeimg.com/250/250/any,Praesentium enim officia quia deleniti expedita. Optio autem incidunt.
sujingim,90374,1989-08-11,2020-05-18,전라북도 아산시 봉은사거리 (지아박한동) 수민강이빌라,윤수민,hanhyeonu@naver.com,061-882-0966,62,https://www.lorempixel.com/250/250,"Dolorum quam error dolores.
Porro similique et libero distinctio velit quae et. Alias architecto quibusdam quidem porro."
seonyeonggim,08943,2012-06-19,2020-01-29,부산광역시 성북구 도산대532가 성민이송빌라 54동 642호,김숙자,minseoggim@daum.net,051-130-4957,26,https://placeimg.com/250/250/any,"Labore facilis ipsa eaque qui ullam.
Eum molestiae praesentium natus. Expedita error architecto et eligendi."
nyun,18506,1988-06-29,2020-06-06,전라북도 이천시 오금49가 (승민김리) 명자권아파트,김광수,minseogcoe@hotmail.com,016-168-3484,10,https://www.lorempixel.com/250/250,"Accusantium corporis beatae accusamus.
Sit fugit officiis cum aut eos repudiandae recusandae. Repellat corrupti necessitatibus quis.
Ipsa quisquam suscipit nihil. Necessitatibus error possimus ullam."
iseohyeon,88648,1934-08-21,2020-02-23,대구광역시 용산구 논현0거리 (영자서면) 현정김김빌라 108호,이영환,baghyeonjeong@nate.com,054-148-2955,39,https://placeimg.com/250/250/any,"Quod totam veniam sapiente quos modi. Est omnis nam.
Alias eveniet commodi sint blanditiis est rerum cumque. Amet saepe commodi neque totam."
cseong,32688,2001-03-14,2020-08-03,대전광역시 양천구 개포길 (경수윤리) 은영황아파트 P동 777호,유성훈,minsu10@naver.com,055-491-5959,66,https://placeimg.com/250/250/any,Nemo laborum laudantium praesentium sapiente. Tempora quas a aspernatur. Nam sapiente magni excepturi.
eunjeongno,67768,2004-05-06,2020-04-13,충청남도 정선군 석촌호수거리 준서박타운 나동 337호,이현우,junyeong08@nate.com,010-2903-9319,76,https://placeimg.com/250/250/any,"Dolorum deserunt minus cum neque fugiat rerum. Fugiat fugit fugiat libero vel enim nulla.
Fuga nemo modi voluptatibus nobis maxime vel quia. Similique a beatae."
jujihun,00001,1926-05-22,2020-06-15,광주광역시 중구 강남대가 예원김연립 412호,박영환,gwangsu09@hanmail.net,032-110-6433,05,https://www.lorempixel.com/250/250,"Temporibus rem odit dolores nemo. Iste recusandae ullam quae animi nulla cum. Fugit iure nemo ipsa.
Iusto accusantium aperiam dignissimos. Dolor ratione repellendus asperiores quasi atque impedit."
subingim,63915,1921-09-05,2020-05-21,경상남도 충주시 봉은사길 (수빈이오마을) 영미오타운 P동 547호,곽예준,ri@daum.net,02-4983-0073,18,https://dummyimage.com/250x250,Neque a velit. Nesciunt expedita quos quae. Reiciendis laudantium sed sit nostrum alias occaecati in.
gojeongsug,74146,1909-04-02,2020-06-08,서울특별시 강북구 반포대7가 예지임연립 S동 313호,류영자,jeonghogo@hanmail.net,019-428-9855,09,https://placeimg.com/250/250/any,Inventore expedita doloribus blanditiis sequi minus hic. Animi officia impedit veniam nisi vitae ea perspiciatis.
yejun41,27784,1914-03-04,2020-01-17,대구광역시 강서구 잠실484가 준영김빌라 195호,김종수,gimjeongung@naver.com,018-183-6279,65,https://placekitten.com/250/250,At voluptatum repellat amet. Fuga vitae molestiae tenetur deleniti in. Dolorum voluptates vero expedita iure laudantium atque.
seonyeong63,19560,2016-04-20,2020-02-10,충청남도 음성군 삼성911로 (동현이김읍) 민재김심타워 663호,정민서,sunog00@nate.com,053-304-4381,23,https://www.lorempixel.com/250/250,Quibusdam iste quia ea. Non cumque sit tempora optio at excepturi.
fbag,26487,1994-12-24,2020-06-19,대전광역시 영등포구 영동대825로 재현하김타운 607호,김은주,dgim@hanmail.net,070-6803-7706,74,https://dummyimage.com/250x250,Ut voluptatem commodi. Laudantium corrupti hic natus explicabo officiis sequi accusamus. Porro consequuntur earum nobis ipsam natus.
gbag,67331,1974-07-23,2020-07-07,울산광역시 북구 가락길 (채원장동) 준서남장타운,이광수,ei@live.com,062-630-1943,81,https://placeimg.com/250/250/any,"Sunt officia quo assumenda dolores iure eaque nam. Optio quis quos adipisci praesentium. Praesentium quaerat fuga totam a.
Quia pariatur quos. Rerum nemo omnis vero iusto."
ijaeho,14555,2019-05-14,2020-04-29,서울특별시 은평구 논현2가 (혜진손면) 지우김마을 391호,문정숙,yejingim@daum.net,018-847-4603,01,https://www.lorempixel.com/250/250,"Cum ipsa quidem eligendi nostrum neque quibusdam. Molestiae beatae ad possimus perspiciatis deserunt occaecati.
Non id maxime. Tempore eum odit."
yeongjagim,25826,1987-12-08,2020-04-29,인천광역시 강서구 선릉9로 (주원김이리) 승현민강빌라,오영호,minjii@hotmail.com,055-256-4991,44,https://placeimg.com/250/250/any,"Minus a facilis nesciunt. Magni saepe repellat similique dolores.
Sit rem nisi unde. Vel minima optio dolorum. Officiis ipsa sapiente praesentium cum fuga."
ksong,05605,1938-07-19,2020-05-10,충청북도 홍천군 논현로 영일최손타워,한준호,jeongung75@dreamwiz.com,062-242-3465,23,https://placeimg.com/250/250/any,Ducimus accusamus cupiditate dolores libero harum. Tenetur eveniet labore animi corporis consequuntur eos unde. Amet alias ut facere.
bgim,16829,1946-02-03,2020-07-19,서울특별시 북구 봉은사가 정수윤연립 A동 397호,김정남,boramseo@live.com,033-643-1057,33,https://www.lorempixel.com/250/250,Voluptatum repudiandae corporis ipsum quo eaque. Iusto corporis quaerat. Animi doloremque voluptates necessitatibus.
jeonghunnam,87874,1966-04-13,2020-02-27,울산광역시 용산구 서초대로 (영순홍김동) 정자양한타워 981호,이영진,pgim@daum.net,041-030-4578,86,https://placekitten.com/250/250,Eos illum modi modi quo consequuntur. Consequatur eos ad adipisci quas laboriosam dolore.
sanghyeonmun,48911,1917-11-25,2020-03-04,전라북도 삼척시 반포대4길 윤서김마을 849호,이현준,ibae@hotmail.com,043-313-6940,70,https://dummyimage.com/250x250,"Ea iste eos rem itaque aliquid. Culpa odio libero quia dolorem.
Reiciendis iure minus veritatis nostrum est. Non ipsa optio recusandae totam."
haeun27,89704,2017-03-19,2020-06-22,서울특별시 중랑구 압구정66거리 영철권마을 C동 487호,서준호,iseoyeon@gmail.com,054-107-8500,54,https://dummyimage.com/250x250,"Dolores non voluptatem consectetur ab. Amet aut soluta sequi. Soluta veniam officia veniam doloremque occaecati.
Dolorem quibusdam amet eligendi. Incidunt necessitatibus ipsam consequatur quae."
amun,55694,2015-08-22,2020-04-17,충청북도 수원시 장안구 언주거리 (선영이면) 시우김서아파트 139호,고명숙,ihyejin@nate.com,043-567-7895,96,https://www.lorempixel.com/250/250,Corporis magni deleniti sint. Debitis porro reprehenderit cum quo explicabo. Cupiditate quia tempora recusandae iure.
byeongceol73,35023,1990-04-27,2020-02-24,세종특별자치시 강북구 테헤란가 (상현민구읍) 지현백고아파트,최미영,hwangjungsu@nate.com,052-243-1344,40,https://placeimg.com/250/250/any,Magnam distinctio quod voluptatem laudantium eum consectetur. Mollitia totam odit neque eveniet error quam.
ggu,98761,1924-08-31,2020-04-14,부산광역시 중구 역삼35로 순옥이타운 Z동 240호,이민석,gangseonyeong@naver.com,033-868-0180,54,https://placekitten.com/250/250,"Reiciendis iure error sed.
Cum facilis voluptatem esse. Quo iure quas dolorum repudiandae. Cupiditate optio sequi architecto est laborum dolorem.
Qui voluptates ipsam similique consequatur illo."
gimmiyeong,31730,1938-04-04,2020-04-11,광주광역시 성북구 서초중앙86가 현지김마을,장명자,hyeonsug52@hanmail.net,051-782-0962,66,https://placekitten.com/250/250,Sequi corrupti repellendus blanditiis. Aperiam soluta fugit corrupti. Tenetur necessitatibus illo hic maxime dolorem iste.
vi,57646,2015-07-27,2020-04-27,경상북도 광명시 학동9거리 지현김김타워,이선영,coemisug@daum.net,053-259-8074,67,https://dummyimage.com/250x250,"Explicabo facilis veritatis dolores saepe modi harum unde. Perspiciatis sunt culpa sequi aliquam.
Voluptate assumenda laborum animi."
gimjia,34555,2002-06-30,2020-03-11,경상남도 수원시 팔달구 서초중앙로 (옥순하동) 상철이타운 E동 584호,박중수,gangyeongja@gmail.com,033-557-5194,93,https://placekitten.com/250/250,"Velit repellendus aliquam alias. Dolor consectetur optio iure excepturi.
Aut dignissimos natus odit quaerat. Suscipit vero vitae illum vitae dolorum."
isanghyeon,96930,1970-07-26,2020-06-02,강원도 청주시 상당구 봉은사로 (준서문마을) 영일이마을,김춘자,jeongsuni@live.com,017-082-1743,22,https://dummyimage.com/250x250,Officiis deserunt alias consectetur accusantium ex assumenda. Debitis harum dolore accusantium aperiam sapiente. Incidunt facilis ab.
jeonghoca,38379,1997-07-14,2020-06-13,전라북도 이천시 논현916로 (예지황동) 지원김이타워 M동 849호,박병철,sumin27@live.com,032-130-5512,82,https://dummyimage.com/250x250,Debitis odio quaerat blanditiis voluptate optio similique. Animi ipsum voluptate excepturi labore beatae. Ratione fuga repellendus officiis.
ugim,62814,1997-08-30,2020-05-03,세종특별자치시 금천구 가락거리 (영호김김면) 영자박이타운,이상현,jeongsug91@gmail.com,054-485-5764,28,https://placekitten.com/250/250,"Id atque quo.
Facilis quo esse sequi eum necessitatibus. Magni ut aperiam sit. Nulla accusamus assumenda provident."
munyeonghyi,29717,1918-11-17,2020-06-11,서울특별시 광진구 삼성로 성수김서타운 203호,김미경,jihye31@dreamwiz.com,061-216-3154,10,https://www.lorempixel.com/250/250,"Sint aliquid beatae alias.
Earum perferendis ex exercitationem blanditiis voluptatem. Assumenda saepe aliquid dolorem accusantium aperiam iure. Aspernatur eum consequuntur repellendus."
myeongja62,39183,1986-01-19,2020-03-13,대구광역시 은평구 오금가 (도윤윤리) 서영박빌라 240호,김서준,simeunjeong@gmail.com,010-0863-0883,59,https://www.lorempixel.com/250/250,"Unde deserunt deleniti a.
Maiores dolores fugit deserunt consectetur.
Praesentium impedit dicta perspiciatis quia fugiat ullam. Velit in nihil cum quam aspernatur."
eunju18,43084,1937-12-15,2020-02-10,세종특별자치시 구로구 논현가 (예준박동) 영진권타운,남서현,jeongsiggim@hotmail.com,054-202-0263,56,https://www.lorempixel.com/250/250,"Vel laborum quasi. A inventore amet praesentium repellat. Dolore excepturi aliquam consequatur cupiditate.
Assumenda cupiditate ipsam ipsum. Sunt et error magni corporis eligendi."
jbae,14146,1956-10-22,2020-03-29,대구광역시 동작구 언주129로 (현숙박민면) 경숙김타운,안수민,seoyeonggim@naver.com,019-532-4045,57,https://www.lorempixel.com/250/250,"Assumenda occaecati praesentium vel deleniti assumenda neque. Occaecati debitis rerum autem minus voluptas dolore.
Rerum eaque ex."
gimhyeonu,02973,1937-04-30,2020-04-04,제주특별자치도 성남시 분당구 반포대가 현우이최연립,김영환,jangmyeongsug@dreamwiz.com,063-684-8165,94,https://placeimg.com/250/250/any,"Facere fugit architecto earum. Est repellendus laboriosam eaque impedit placeat. Suscipit quam facilis iste.
Libero beatae quae quis ut. Dolore est natus possimus temporibus ratione."
yeongsuhwang,59045,1911-01-19,2020-01-17,전라북도 횡성군 도산대가 서영류마을 바동 554호,나민지,fi@hotmail.com,051-338-9093,61,https://placeimg.com/250/250/any,Error architecto distinctio error vero molestiae recusandae. Facilis nihil natus. Eveniet laborum cum totam. In ad ipsam.
sangceolgim,33538,1967-10-03,2020-07-31,인천광역시 서초구 잠실거리 (정호김읍) 지후이이빌라 K동 038호,배은주,jongsu44@hanmail.net,031-597-8067,47,https://placekitten.com/250/250,"Voluptatibus vitae voluptatum optio harum ducimus fugiat iste. Laudantium nostrum ipsum neque optio doloremque numquam.
Eaque blanditiis deserunt quidem explicabo alias."
dohyeon82,03095,1966-07-12,2020-03-04,광주광역시 서대문구 양재천로 성호고노연립,조은경,vi@hotmail.com,042-549-4013,24,https://dummyimage.com/250x250,"Exercitationem facere nesciunt eos blanditiis. Quibusdam assumenda sapiente totam. Modi amet ipsa fugit architecto autem nihil.
Ab facilis saepe. Omnis deleniti voluptas corrupti quasi."
yeongja54,21252,1968-09-14,2020-01-14,울산광역시 영등포구 서초대거리 (도현황김읍) 미숙노장연립 254호,이도윤,eunyeongi@hanmail.net,064-778-8468,71,https://dummyimage.com/250x250,"Nostrum tempora id maxime. Accusantium nulla ullam. Fuga temporibus vero velit.
Voluptates dolore iure nostrum. Ipsa vel consequatur quis nobis."
ni,32991,2020-04-21,2020-06-29,인천광역시 서구 언주거리 영수이김타운,백경자,oi@daum.net,061-395-7704,49,https://www.lorempixel.com/250/250,Asperiores incidunt saepe sapiente delectus delectus. Dicta voluptatem odio ad iusto aperiam.
gimjieun,76925,1922-07-16,2020-05-11,대전광역시 은평구 양재천99길 (서연김마을) 수빈권박마을 503호,백성민,gimjungsu@hanmail.net,041-824-2446,17,https://placeimg.com/250/250/any,"Provident ducimus a impedit in animi voluptas. Deserunt error voluptatibus.
Totam aut quisquam officiis quibusdam totam. Architecto perspiciatis amet ut minima optio porro."
seonghyeon70,74741,1985-12-11,2020-01-10,부산광역시 마포구 양재천가 (선영오동) 채원김연립 109호,김준혁,junyeongbag@dreamwiz.com,062-920-0647,60,https://placeimg.com/250/250/any,Accusantium eligendi laudantium molestias. Quis sapiente voluptate corrupti quo consectetur doloribus tenetur. Molestiae placeat sunt officiis sunt.
gimjinho,40601,2005-12-28,2020-07-08,경상북도 용인시 영동대로 (주원강이면) 지후이김아파트 바동 940호,이시우,idohyeon@dreamwiz.com,010-6884-9690,49,https://placeimg.com/250/250/any,Eligendi doloribus cum distinctio consequatur natus itaque. Debitis eum labore repudiandae assumenda eveniet accusamus.
bagyeongsig,99392,1972-12-14,2020-05-15,세종특별자치시 도봉구 서초중앙길 은지고김마을,박영환,xbag@live.com,053-390-9962,29,https://dummyimage.com/250x250,"Corrupti quam reprehenderit ipsam alias. Provident totam rem.
Ipsum odio praesentium sit possimus reprehenderit. Reiciendis nesciunt similique explicabo facilis rem."
dohyeoni,12676,1984-07-05,2020-06-08,전라북도 수원시 장안구 반포대37길 현우양박마을,정현숙,migyeonggim@gmail.com,070-5133-2110,35,https://placeimg.com/250/250/any,"Quis veritatis sed cupiditate sunt provident. Ad hic impedit dolor esse a placeat.
Sint iusto aspernatur aut dolorem. Saepe veritatis illo occaecati animi numquam."
jieunbag,43824,1931-09-27,2020-02-03,경기도 평창군 압구정9거리 (영식장장리) 영길송마을 467호,이성민,baegjieun@gmail.com,061-780-2256,85,https://dummyimage.com/250x250,Fugit numquam aperiam doloremque aspernatur necessitatibus. Sapiente sequi illo rerum. Sunt sapiente saepe voluptas explicabo aliquam recusandae.
yeongsug38,90722,1918-11-15,2020-05-27,서울특별시 중랑구 서초대141길 영수이마을,장하윤,geonui@daum.net,032-130-8017,04,https://placeimg.com/250/250/any,Et animi quis necessitatibus minus velit facere. Exercitationem dolores fugit aliquid quis. Animi reprehenderit eveniet saepe. Et ipsum tempora tempore sequi quos quae.
jihyeon72,61676,1991-06-22,2020-05-26,경상북도 부천시 오정구 학동165길 선영권최마을 631호,김성진,junyeonggim@dreamwiz.com,070-7544-7768,64,https://placekitten.com/250/250,"Maxime voluptates enim eum alias. Laboriosam et inventore quia quia porro ut.
Error corrupti ratione veritatis sequi. Rem tempora eligendi accusamus laborum expedita similique."
junhyeogna,48254,1977-12-28,2020-05-10,전라남도 홍성군 언주길 (종수장면) 영철김타운 C동 833호,김병철,misugjang@live.com,033-630-5429,80,https://placeimg.com/250/250/any,"Rerum tenetur doloribus unde. Modi nulla nam laborum exercitationem occaecati laborum.
Quam et explicabo architecto beatae numquam aperiam. Praesentium ea repellat."
coegyeongsu,69623,1935-08-06,2020-07-09,경상북도 김포시 강남대18로 영호장이타워 666동 605호,이민서,ccoe@live.com,044-081-6690,49,https://dummyimage.com/250x250,In at nulla eum illum pariatur. Iste similique modi quibusdam. Eaque exercitationem iste occaecati cupiditate laboriosam.
coeyejin,15282,1955-12-17,2020-01-04,인천광역시 중랑구 오금349길 선영이아파트 944호,진하은,minseo00@daum.net,061-580-4340,64,https://placeimg.com/250/250/any,"Laudantium recusandae officia placeat molestiae possimus odit. Odit doloremque consequuntur soluta quibusdam sequi.
Id esse quibusdam enim."
gimjunseo,54259,1930-07-07,2020-06-30,울산광역시 동구 테헤란71가 (성훈안김리) 수빈김윤타운 752호,안민준,seonghyeonbae@nate.com,053-459-6581,91,https://www.lorempixel.com/250/250,Libero velit perferendis sit officia. A iure et quod et. Sed magni vitae occaecati optio.
fgim,50007,1957-01-14,2020-07-13,충청북도 충주시 잠실길 (아름김읍) 지혜김빌라,김영순,dbag@live.com,044-330-5673,44,https://www.lorempixel.com/250/250,"Ipsum iste suscipit quod odit. Nulla porro fuga amet voluptatum.
Ex pariatur molestias consequatur."
dyun,68835,1961-05-27,2020-02-18,경상북도 수원시 장안구 서초중앙6로 (지원조박읍) 영수박아파트 747호,김영철,sugjabag@daum.net,070-0316-6769,59,https://www.lorempixel.com/250/250,Deleniti ex numquam dolore excepturi dolor accusantium nesciunt. Cumque molestiae eligendi. Sint neque eum eveniet laborum unde.
tgim,19865,1940-08-25,2020-07-18,강원도 의왕시 잠실로 (민지김김리) 성현김이연립 R동 511호,최순자,gyeongjayun@dreamwiz.com,052-923-8960,19,https://placekitten.com/250/250,Consectetur reiciendis harum odit. Recusandae id illo veniam debitis aperiam quisquam. Molestiae nulla et ipsum repudiandae perspiciatis.
yunseoi,11340,1943-03-13,2020-05-18,서울특별시 광진구 백제고분로 채원이권아파트,김성수,jeongho03@dreamwiz.com,043-359-8736,03,https://placeimg.com/250/250/any,"Accusantium tempora totam esse amet dicta. Eligendi eos unde itaque. Deserunt omnis facere molestiae dolor nihil.
Id odio amet. Laborum sint animi quas quos. Numquam quos iusto impedit ab."
boram77,77893,1909-10-16,2020-07-02,울산광역시 성동구 양재천66길 순옥유김타운,최영숙,nocaeweon@dreamwiz.com,019-477-0774,87,https://www.lorempixel.com/250/250,Perferendis molestiae officia possimus quidem cumque. Nihil nulla debitis officia laudantium asperiores. Esse adipisci ducimus repudiandae maiores.
junyeongi,74662,1968-11-23,2020-07-13,세종특별자치시 금천구 봉은사거리 수빈권아파트 611호,최지현,siuseo@hanmail.net,010-4290-5975,51,https://www.lorempixel.com/250/250,"Explicabo perspiciatis nobis dolorem.
Ab deleniti autem numquam impedit voluptate alias. Ratione nulla temporibus eos in delectus quod."
eunjeong28,68588,2007-01-24,2020-01-29,대전광역시 관악구 삼성거리 (영호장최면) 지영박오빌라,장종수,seongho23@nate.com,018-872-3278,02,https://dummyimage.com/250x250,Sint accusantium occaecati at aspernatur aspernatur explicabo incidunt. Porro cum ratione a. Rerum quis sapiente impedit.
simsanghyeon,86651,1958-12-19,2020-06-02,강원도 안산시 오금188길 (지원김이읍) 지은구허타운,고보람,gimdohyeon@nate.com,044-455-0610,43,https://placeimg.com/250/250/any,Sed perspiciatis quae vel odit consequatur. A nisi eaque distinctio ea deserunt. Voluptatum cupiditate illum mollitia occaecati perspiciatis maxime.
qo,37508,1924-01-19,2020-06-08,울산광역시 중구 백제고분길 (지후송안동) 정식윤타운 B동 130호,김영수,ijeon@gmail.com,010-9508-0023,78,https://www.lorempixel.com/250/250,"Adipisci provident excepturi ex magnam.
Nisi est aut voluptates perspiciatis explicabo dicta. Debitis molestiae beatae sed rem. Perferendis ipsum assumenda voluptatibus dolore distinctio."
seungmin27,52787,1966-06-11,2020-05-28,부산광역시 남구 가락2거리 승현이아파트 47동 763호,김경자,eungyeong79@daum.net,044-683-3399,91,https://placekitten.com/250/250,"Eos ipsam totam a accusantium. Voluptate quod adipisci praesentium repudiandae sapiente.
Voluptas numquam quam ad nemo sequi enim ab. Consequuntur incidunt quibusdam reprehenderit ratione aliquid."
sgim,32994,1937-06-11,2020-01-29,세종특별자치시 용산구 백제고분946로 영자고문빌라,이영미,hyeonji97@hanmail.net,064-721-2785,53,https://www.lorempixel.com/250/250,"Exercitationem nihil hic accusantium illum. Omnis quam iure ut neque. Exercitationem corrupti distinctio facilis incidunt doloribus.
Ipsam dolore ducimus. Dolorem illo eos quod voluptatum nesciunt."
jinu96,46336,1965-08-02,2020-04-01,대구광역시 광진구 압구정2로 명자이윤마을 508호,서은지,mijeong32@naver.com,018-918-8867,91,https://placeimg.com/250/250/any,Veniam eum aspernatur nulla dicta in ea. Nostrum nulla quas facere similique.
seosiu,74025,1982-07-22,2020-04-29,충청북도 춘천시 개포거리 예지김타운,이정웅,eunjijang@daum.net,011-740-5952,93,https://www.lorempixel.com/250/250,Illum tenetur est nemo necessitatibus laborum error suscipit. Id pariatur reprehenderit voluptatibus corporis est. Hic inventore laudantium aliquid aspernatur.
ijihye,50344,1974-01-21,2020-04-12,대구광역시 관악구 반포대길 지현오빌라,서지원,ii@hanmail.net,064-709-3980,48,https://www.lorempixel.com/250/250,Perferendis provident eos nulla animi. Itaque excepturi vel veniam nostrum magni magni eveniet.
jeongnambag,83819,1907-03-27,2020-01-15,대전광역시 중구 개포로 (성훈김김면) 민수조빌라,윤정훈,gimcunja@live.com,064-766-6042,00,https://dummyimage.com/250x250,"Aspernatur vitae quia asperiores. Velit unde quisquam amet esse voluptatibus placeat commodi.
Voluptate quae ipsa. Fugit quam tempore ullam explicabo."
ieunji,92987,1957-01-18,2020-04-25,서울특별시 은평구 영동대100가 지훈임연립,김윤서,yeongsu13@live.com,052-258-8323,34,https://placeimg.com/250/250/any,Nihil earum ducimus est placeat adipisci. Reiciendis ipsa perferendis fuga. Veniam repudiandae a ex adipisci magnam.
vcoe,58224,1952-08-08,2020-08-04,부산광역시 성북구 반포대35거리 영환최아파트,안영희,gimgyeongsu@daum.net,031-780-7082,44,https://placeimg.com/250/250/any,Quo beatae saepe eius rem facilis beatae ullam. Nulla ab iusto voluptas culpa.
subinbag,76725,1923-04-12,2020-04-08,대구광역시 북구 역삼74길 (영일장장마을) 민석김아파트 856호,김하은,eunyeongyun@gmail.com,041-264-5214,45,https://www.lorempixel.com/250/250,Ea ipsum voluptatem dolorum. Praesentium quo pariatur illum omnis dolore culpa.
yeonggil36,05852,1936-07-19,2020-05-21,대전광역시 강서구 반포대964가 영철나마을 G동 213호,이서현,qson@dreamwiz.com,042-404-2284,36,https://dummyimage.com/250x250,Eius quae pariatur perferendis adipisci est. Veniam esse unde neque.
omyeongja,70405,1924-02-24,2020-01-21,제주특별자치도 수원시 권선구 언주3길 (재호홍리) 경숙이마을 403호,고정자,ujin49@nate.com,016-449-1263,73,https://placeimg.com/250/250/any,"Ipsa mollitia natus vero consectetur eveniet accusantium. Rem amet unde. Quia occaecati atque excepturi.
Porro esse repellendus. Ex unde dignissimos laboriosam dicta nostrum. Deserunt suscipit magni."
eunju49,08165,1913-03-28,2020-07-28,전라남도 천안시 동남구 선릉로 (우진신박면) 숙자고타워 992호,서은정,sjeong@nate.com,016-569-7790,88,https://placeimg.com/250/250/any,"Praesentium adipisci laudantium porro libero rerum molestias ab. Dolorem blanditiis dignissimos quas impedit voluptatem.
Nihil tempore nostrum saepe est repellat iure. Facilis esse animi."
ieunjeong,76184,1905-07-08,2020-03-10,광주광역시 남구 테헤란로 영자고송연립 115호,황보람,jeongsug98@nate.com,031-292-0518,39,https://dummyimage.com/250x250,"Voluptate debitis corporis ducimus harum. Illum dolorem voluptates tempore. Voluptate rerum suscipit porro ipsam eaque pariatur.
Earum ab eos itaque. Tempora ipsum fuga possimus sed pariatur natus."
doyun13,22230,1969-03-07,2020-07-20,세종특별자치시 동대문구 영동대0가 (승현김동) 은경이송마을 976호,박경수,jinuseo@naver.com,031-285-5264,10,https://placekitten.com/250/250,Nisi et possimus perspiciatis. Dicta ullam quaerat alias sit culpa.
gimyeongsug,43192,1994-09-30,2020-01-15,경상북도 남양주시 강남대가 (보람박동) 승민이김연립,박민재,gangdonghyeon@naver.com,033-962-5855,10,https://www.lorempixel.com/250/250,Iure voluptates quis culpa officia asperiores.
yeji50,86793,1938-07-10,2020-02-22,광주광역시 서대문구 오금길 영숙이타워,배정순,jihyeon92@dreamwiz.com,053-953-2805,60,https://placekitten.com/250/250,Fuga impedit officia eveniet assumenda fuga accusamus tenetur. Pariatur repudiandae error autem doloremque a quod. Sit nisi eum iusto beatae maxime magni. Adipisci iste culpa odio.
gyeongsug83,83503,1905-10-07,2020-07-31,충청남도 용인시 기흥구 영동대거리 (미영김면) 동현김빌라 D동 961호,이주원,juweon14@naver.com,063-852-1687,51,https://dummyimage.com/250x250,"Ea occaecati libero ut laborum.
Fugiat nemo facere quas repudiandae quidem reprehenderit. Eum adipisci ullam ut."
minjae85,73146,1964-10-19,2020-01-10,광주광역시 강남구 서초중앙길 지은김박타워 797호,한지우,imhyeonjeong@gmail.com,054-298-8938,80,https://dummyimage.com/250x250,"A cumque facilis facere aperiam consectetur earum.
Quibusdam dolores non tempore magnam. Adipisci quisquam dolores perspiciatis dicta. Eligendi corrupti vel dolorum harum esse animi."
coemyeongsug,85692,1984-03-23,2020-06-07,전라북도 포천시 서초중앙3로 예원박타워 094호,안준서,hyeonju63@live.com,018-710-1475,36,https://placeimg.com/250/250/any,"Maxime hic dolores aliquam id.
Consequuntur quisquam earum officiis consequatur. Quod saepe occaecati amet debitis sunt. Ipsam tempora atque quas pariatur."
jinu18,32896,1906-07-28,2020-02-12,인천광역시 서대문구 서초중앙12길 (시우나마을) 상훈박김빌라,권예원,hyejin81@hotmail.com,063-769-4562,51,https://www.lorempixel.com/250/250,Fugit odio aliquid maiores quia magni. Quibusdam tempora veniam dolore. Culpa aliquid ut eos distinctio laudantium reiciendis.
jiugim,91441,1987-01-11,2020-06-14,충청북도 강릉시 삼성거리 정순최아파트 459호,박순자,jihun98@naver.com,062-696-1788,43,https://dummyimage.com/250x250,"Natus illo sint quis earum provident. Architecto doloremque optio fuga quas.
Ipsum vitae soluta repellendus quam aspernatur. Facere optio nam dolorum occaecati ipsam."
iyejun,95191,1964-05-08,2020-03-12,강원도 용인시 수지구 도산대가 (지아박리) 민지이이타워 가동 700호,오정남,jiason@hotmail.com,017-016-6738,84,https://www.lorempixel.com/250/250,Minima modi natus repellat illo cupiditate mollitia voluptatibus. Ea sed optio voluptatem nemo nam dolorum. Cum ipsam commodi velit molestiae in cum.
heominseo,90227,2007-12-27,2020-02-21,경상남도 계룡시 잠실896로 (승민조차동) 정숙백연립,김중수,gyeonghyi60@hanmail.net,053-239-5192,75,https://placeimg.com/250/250/any,Tenetur impedit suscipit ratione. Harum laboriosam corporis iure. Sunt eligendi eveniet rem architecto qui fuga.
junyeong09,44755,2001-12-29,2020-06-20,광주광역시 노원구 서초중앙로 (현정송이면) 명숙최연립 435호,송재현,jihyeoni@naver.com,070-0865-7803,86,https://placekitten.com/250/250,"Consequuntur vel quod. Assumenda facilis eius fugit dolorem aliquid sit.
Nam velit officiis ut cumque veritatis. Similique dolore veniam dignissimos doloribus et exercitationem."
bi,35028,1944-07-24,2020-06-19,경상남도 부천시 원미구 역삼71거리 현지강서아파트,권영일,jongsubag@gmail.com,053-291-8559,10,https://dummyimage.com/250x250,Dolorum voluptate distinctio rerum non doloribus cupiditate. Facere dicta minus deleniti quo minima sapiente incidunt. Commodi mollitia soluta amet delectus.
qgim,44941,2010-09-13,2020-03-13,부산광역시 관악구 선릉2로 (수진김김읍) 혜진오아파트,류현숙,zgim@daum.net,010-7630-9811,56,https://placekitten.com/250/250,"Nemo quis a pariatur maxime magnam tempore. Animi ad aspernatur est nam tempora.
Nemo voluptates eos voluptate ad reprehenderit. At mollitia nemo beatae. Earum aspernatur quo optio."
cgim,09260,1920-12-29,2020-01-25,대구광역시 성동구 역삼3거리 정웅박이타워,윤서윤,qgim@naver.com,044-192-8092,52,https://placekitten.com/250/250,Non minus tenetur. Optio doloremque commodi velit libero in ullam. Occaecati enim dolore inventore ab sequi nisi veritatis.
jangseoyeon,74815,1913-09-29,2020-05-09,부산광역시 강서구 백제고분거리 아름김노타워,곽준서,jiai@hanmail.net,019-879-6076,06,https://placekitten.com/250/250,Doloribus veritatis tempore. Nihil dignissimos nesciunt magnam labore fugiat expedita. Corrupti consectetur voluptatibus perferendis enim. Expedita magni laborum facere.
wi,98344,1958-11-09,2020-08-03,충청북도 공주시 오금723길 (예은장박리) 혜진한강아파트 382호,안지후,migyeongi@gmail.com,016-760-1045,05,https://placeimg.com/250/250/any,Laudantium repudiandae vitae ea. Adipisci officia reprehenderit. Quibusdam cum illum.
isunog,51761,2016-01-23,2020-07-10,부산광역시 서대문구 강남대1거리 민서박안연립,김수빈,pgim@daum.net,053-339-5811,16,https://placeimg.com/250/250/any,"Dolorum similique id quis perferendis.
Nostrum perspiciatis alias."
jiyeon21,49236,1974-02-04,2020-06-23,인천광역시 강서구 가락193가 (지아이김동) 미숙이김마을,지현우,fjeong@gmail.com,032-339-2942,25,https://dummyimage.com/250x250,"Vero soluta at natus est debitis voluptatum tempora. Perspiciatis nesciunt explicabo veritatis excepturi.
Officia occaecati nobis."
gimbyeongceol,35859,1928-07-01,2020-01-20,제주특별자치도 천안시 서북구 삼성거리 (성민민이동) 경자김장타워 109호,최현정,hyeonugim@gmail.com,032-095-6523,64,https://placekitten.com/250/250,"Doloribus nostrum tempore nisi quia. Officiis doloremque commodi nulla debitis laborum.
Sapiente quod hic. Excepturi quam reiciendis deleniti placeat."
bagjeongho,04865,1927-02-02,2020-03-06,경상남도 가평군 오금가 아름이김타운 841호,송정훈,eunseo87@nate.com,053-989-6759,67,https://www.lorempixel.com/250/250,Nemo suscipit temporibus saepe dolore dignissimos non. Similique iusto a molestias quam.
lgim,28809,1979-07-12,2020-07-12,세종특별자치시 서초구 석촌호수길 현숙장타워 316호,김종수,gimyujin@gmail.com,063-742-5637,39,https://placeimg.com/250/250/any,Voluptatum quos occaecati id maiores placeat. At itaque exercitationem maxime architecto doloremque quam.
gimhaeun,09352,1927-06-17,2020-02-09,전라남도 부천시 원미구 오금가 (정희송노리) 현지이연립 754호,이경희,fbae@naver.com,051-215-7114,27,https://www.lorempixel.com/250/250,"Molestiae vitae quae sint eaque molestiae quia. Iusto harum nam corrupti inventore animi ut non.
Consectetur possimus asperiores aperiam. Aliquid iste vitae quod commodi explicabo."
bagjungsu,70529,1907-10-25,2020-06-30,서울특별시 은평구 역삼로 정남서연립,황순자,jeongsu56@dreamwiz.com,018-267-8357,88,https://www.lorempixel.com/250/250,"Atque id at veniam ipsum qui.
Dolorum impedit voluptatibus in odit distinctio ducimus nam. Vel molestias laboriosam quam ea error. Fugit velit ipsum.
Corporis sint impedit."
hongjungsu,82190,1977-08-24,2020-03-20,부산광역시 동대문구 개포길 (준혁이남마을) 영길손주타운 872호,이준호,jihu97@daum.net,052-667-1438,70,https://placekitten.com/250/250,Maiores iusto voluptas nostrum molestias saepe odit. Fugiat veritatis voluptas perferendis nihil quia laboriosam.
sanghyeon53,08558,1950-07-27,2020-04-09,부산광역시 은평구 석촌호수714로 은지이아파트,박정숙,qgang@gmail.com,064-767-3976,94,https://placekitten.com/250/250,"Quidem illum excepturi non. Distinctio maxime impedit adipisci. Deserunt quae optio sint optio autem.
Dolores non perferendis placeat porro blanditiis sunt."
jaehyeongo,09681,2011-04-12,2020-05-19,경상북도 철원군 강남대7길 서윤이타워 F동 711호,박예원,eunjeong12@hanmail.net,052-366-0210,04,https://placeimg.com/250/250/any,"Tempore incidunt facere laboriosam dolore sint soluta. Impedit quos cum quos sunt iusto. Voluptas fugit ratione nisi ea.
Voluptatem laudantium atque asperiores. In quis incidunt in hic minima."
seongminyang,23065,1985-07-24,2020-04-09,충청북도 청주시 청원구 가락5길 (광수이김면) 승민최타운,박민수,seongsugu@gmail.com,031-895-0798,91,https://dummyimage.com/250x250,Illo sed quos id recusandae. Nam error sed. Alias id dolorem distinctio.
anjieun,75832,2012-07-13,2020-05-14,인천광역시 영등포구 역삼거리 현우최송아파트,박서준,gweonsangho@gmail.com,02-2760-3109,31,https://dummyimage.com/250x250,Doloremque tenetur placeat excepturi ducimus. Necessitatibus nihil neque commodi dolor suscipit similique. Libero similique sunt sapiente.
ogsunbag,58296,1969-12-24,2020-06-02,세종특별자치시 송파구 도산대28가 (유진손김마을) 예지홍빌라 933호,김은정,sonjeongsu@gmail.com,02-3789-7566,96,https://placekitten.com/250/250,"Laudantium doloremque vero asperiores a ab. Ea error maxime.
Tempora rerum doloribus perferendis. Est ea facere quod in architecto. Non beatae quos voluptatem eum officia."
sanghun12,54296,2003-10-19,2020-08-01,전라남도 청주시 청원구 봉은사774로 지후장이타운 F동 392호,박경희,xi@hotmail.com,051-518-4363,48,https://dummyimage.com/250x250,Dolorem cupiditate consequuntur vel. Ipsam odio architecto tenetur ullam assumenda eligendi vero.
seongsu38,31442,1908-03-20,2020-05-19,세종특별자치시 강북구 서초중앙가 (영길박김동) 지후김타운 113호,안지혜,zgim@live.com,054-788-5098,02,https://www.lorempixel.com/250/250,Doloribus distinctio hic veniam voluptas commodi. Tenetur optio non nemo aliquid. Suscipit accusantium odit vero veritatis. Minima recusandae enim animi placeat voluptas reprehenderit.
gimeunyeong,28566,1917-01-14,2020-01-31,서울특별시 성동구 가락3가 (지혜지윤면) 도윤박박빌라 185호,문영호,eunseo59@dreamwiz.com,070-1982-5719,00,https://placeimg.com/250/250/any,Pariatur quas sit molestiae provident et facilis laudantium. Cupiditate quibusdam repellat laboriosam recusandae. Asperiores sapiente repellat deleniti.
sunog75,91745,1931-07-15,2020-02-20,제주특별자치도 부천시 오정구 잠실359가 (서윤이읍) 지후홍연립 라동 519호,김영길,cjang@daum.net,052-313-5261,62,https://placekitten.com/250/250,"Quia dolore delectus excepturi. Suscipit nemo repellat eveniet atque vel quia eveniet.
Exercitationem minima quisquam doloremque perspiciatis. Harum odit veniam eius libero."
igim,65777,1970-10-10,2020-06-02,서울특별시 관악구 역삼9로 (서현배민면) 진호고이타워 다동 612호,최재호,migyeong36@gmail.com,016-131-0346,39,https://placekitten.com/250/250,Dolorem praesentium quidem voluptates est nulla. Assumenda aperiam dolores recusandae dicta. Fuga tempore quia necessitatibus odit repellendus esse.
ji,69079,1931-01-26,2020-08-04,충청남도 예산군 가락가 미숙윤김마을,송지아,minseoghan@hanmail.net,052-383-5755,88,https://placeimg.com/250/250/any,Voluptate dolores molestias consectetur accusamus facere reiciendis. Vel molestiae distinctio ratione dolore alias. Et accusamus sunt totam. Labore laboriosam neque eligendi.
gimjeongsig,23421,1950-11-25,2020-06-30,울산광역시 금천구 선릉344길 현숙심아파트,김승현,iyeongsig@dreamwiz.com,017-147-2629,43,https://www.lorempixel.com/250/250,Saepe libero voluptates sint repudiandae officia excepturi. Tempora consequuntur fugit. Sunt dolor vel nobis optio provident quisquam. Neque modi maxime cupiditate eaque quasi.
juweon93,71298,1930-09-29,2020-06-27,경상남도 홍천군 테헤란99가 (영순이최면) 경수김타운 N동 409호,윤우진,sangceolgo@daum.net,070-3987-0389,19,https://www.lorempixel.com/250/250,"Voluptate eveniet odit temporibus nobis pariatur quidem quod. Magnam commodi aliquam itaque.
Quia expedita itaque ipsam voluptate explicabo porro. Aut sed expedita voluptatem adipisci quae expedita."
wgim,54266,1977-10-13,2020-03-24,경상남도 구리시 가락78거리 영숙박박아파트 바동 929호,이영자,jeongsug04@daum.net,061-191-8326,49,https://dummyimage.com/250x250,"Commodi velit eaque cupiditate perspiciatis error maiores. Maxime iste recusandae.
Provident vitae sapiente magni reprehenderit in dolorem. Pariatur nesciunt perspiciatis soluta."
heosugja,55607,1919-02-15,2020-01-19,경상남도 화성시 역삼길 순자이최연립 416호,이영수,di@dreamwiz.com,031-643-0255,41,https://www.lorempixel.com/250/250,Cum quidem quaerat totam quibusdam. Voluptate ex a omnis ipsum accusantium mollitia eaque.
coeminsu,67787,1939-06-26,2020-07-12,충청남도 시흥시 강남대로 (주원김면) 정남이김빌라 D동 343호,김정식,yeongsugim@live.com,02-4500-7185,59,https://placeimg.com/250/250/any,"Amet ipsam illum tempora nam debitis. Eligendi praesentium perferendis nesciunt blanditiis debitis fuga.
Officia nihil neque tenetur totam commodi. Incidunt numquam facere velit dignissimos porro."
bagjiyeong,54801,2001-02-16,2020-04-27,대전광역시 강동구 선릉54길 광수안오마을,이현주,songseongsu@live.com,051-068-3150,32,https://www.lorempixel.com/250/250,Aperiam eaque impedit voluptas distinctio. Eos nobis perferendis quaerat tempora nostrum neque. Id praesentium ullam nulla voluptates doloremque quasi.
mgim,59009,1905-10-22,2020-06-07,대구광역시 중구 논현6가 (선영황장면) 정희이장타운 P동 340호,김영일,gimjihun@hanmail.net,055-494-7723,36,https://dummyimage.com/250x250,Nesciunt totam magnam iste laudantium ipsa eligendi.
gwagseunghyeon,80787,2002-10-20,2020-02-22,경상북도 충주시 학동34가 (영숙윤신마을) 춘자이이아파트,한병철,go@hotmail.com,041-369-1003,11,https://dummyimage.com/250x250,Ex temporibus reiciendis itaque. Culpa officiis repellendus cupiditate nesciunt unde rerum. Tenetur tempora explicabo qui impedit veritatis aliquam.
eungyeong15,73230,2009-06-07,2020-05-21,충청북도 안양시 역삼28가 (명자서면) 하윤이이빌라 502호,박현주,ganghyeonju@naver.com,063-370-7483,11,https://dummyimage.com/250x250,Natus autem et alias at. Nihil recusandae vel dicta tempora explicabo quos.
qgim,83143,1929-07-27,2020-08-07,인천광역시 노원구 삼성길 (영일김동) 명숙김최타워,박정수,ngim@hanmail.net,019-369-0705,30,https://placeimg.com/250/250/any,Iste autem voluptatum et libero possimus illum. Perspiciatis praesentium officiis cupiditate aliquam et.
cgim,84535,2003-01-24,2020-04-07,부산광역시 은평구 테헤란거리 (상훈이면) 경희김박타워 X동 730호,이영진,hayun94@hotmail.com,044-550-9437,96,https://placeimg.com/250/250/any,"Officiis maiores illo ab placeat ratione. Cumque fugit officiis earum minima beatae.
Distinctio velit aliquam id nobis iure illo. Iste vitae quos."
zgim,42469,2019-01-18,2020-05-07,제주특별자치도 동해시 영동대가 (현정최리) 춘자박연립,오채원,migyeong85@hotmail.com,041-941-1368,58,https://placeimg.com/250/250/any,Vero voluptate harum laborum. Ex deserunt consequuntur in corporis dolores totam. Voluptate atque tenetur at a veritatis. Quasi laborum explicabo quisquam.
gyeongsug34,77901,2011-12-14,2020-04-07,제주특별자치도 서천군 강남대가 (옥자이윤면) 은주최아파트 가동 118호,김경수,phwang@live.com,017-941-2083,60,https://dummyimage.com/250x250,Atque culpa numquam tempora voluptatibus. Hic consectetur perferendis ea ut sunt non. Veritatis illo magnam necessitatibus mollitia voluptates impedit.
eunji19,47800,2006-11-16,2020-02-03,충청북도 용인시 선릉로 (서윤손면) 준혁송한타워,최서영,egim@hotmail.com,055-764-4353,24,https://placekitten.com/250/250,"Atque quaerat nihil. Doloribus pariatur maxime. Odit quidem maiores dolores quia.
Consequatur nostrum eaque. Maxime eius inventore molestias blanditiis at praesentium."
gangsujin,26758,2013-12-23,2020-01-14,강원도 수원시 장안구 반포대36로 현정노이마을 642호,윤예진,idonghyeon@dreamwiz.com,061-831-4728,33,https://dummyimage.com/250x250,Ea sunt et dolor ipsam optio exercitationem. Ratione eveniet dolorem vitae doloremque.
seongminbag,91937,1947-07-21,2020-05-18,경상북도 용인시 기흥구 양재천51로 (영진최김면) 서연정이연립 W동 366호,손민지,jeonghyibag@hotmail.com,062-623-5677,76,https://placeimg.com/250/250/any,"Quas nobis sunt sed praesentium et rerum. Atque unde quo optio ipsum nemo.
Soluta quasi nihil corporis.
Vel repudiandae neque soluta esse maiores qui. Adipisci harum accusantium blanditiis."
yeonggil30,29771,1910-08-26,2020-03-11,경상북도 부여군 석촌호수266가 (상훈김리) 정희박타워,윤우진,tgim@daum.net,032-737-6182,53,https://placekitten.com/250/250,"Quia eum nostrum quae. Doloremque libero asperiores explicabo. Neque dolore impedit.
Saepe temporibus officiis ipsum itaque nobis. Nam mollitia quo odio quasi sapiente."
yeonghwancoe,98335,1952-10-10,2020-07-08,제주특별자치도 용인시 수지구 서초대거리 (미정최김면) 영일김타운,김경숙,jeongsuggim@live.com,041-142-0320,70,https://dummyimage.com/250x250,"Tempora iure corporis vel deserunt impedit totam asperiores. Recusandae voluptate nesciunt illum cupiditate laudantium.
Vero distinctio illum dicta. Placeat enim eaque facilis."
namjeongsug,11282,1928-05-25,2020-07-29,서울특별시 서구 도산대720길 (춘자이장면) 은서김김타워 864호,김하윤,yunseocoe@daum.net,011-202-5702,92,https://placekitten.com/250/250,"Dicta quos laborum enim unde fugit. Corporis optio atque accusamus dolorum sed.
Eveniet totam dolorem. Nobis saepe sunt possimus ratione. Occaecati culpa quam.
Iste totam debitis sequi quod."
gimyeongsun,97608,1991-09-19,2020-07-02,충청남도 동두천시 역삼9거리 (선영한동) 현숙이마을 116호,김은영,tbag@gmail.com,063-500-3368,36,https://placeimg.com/250/250/any,"Nam sit neque recusandae earum iure. Expedita nesciunt nemo officia dicta doloremque.
A dolor recusandae architecto animi error. Harum eaque officia rerum impedit quas."
li,54288,2001-07-11,2020-08-03,광주광역시 강남구 영동대로 (지혜박리) 아름이타워 S동 559호,안시우,seojunhyeog@nate.com,054-749-0272,89,https://www.lorempixel.com/250/250,"Suscipit at dolores totam.
Molestias sed sit. Facere necessitatibus animi vero distinctio ratione. Saepe tenetur error incidunt illum corporis."
seojuni,20635,2002-02-13,2020-08-07,충청남도 청주시 청원구 학동로 우진박마을 872호,전하은,ceom@gmail.com,031-761-2361,98,https://placeimg.com/250/250/any,Vero nesciunt temporibus cum provident debitis cupiditate aliquid. Error assumenda quod sed reiciendis nemo eveniet.
bagseohyeon,46778,2017-11-25,2020-04-08,대전광역시 강북구 개포6거리 유진이윤타운,김은서,pgo@naver.com,063-197-8556,77,https://www.lorempixel.com/250/250,Necessitatibus laborum veritatis placeat magni sit. Hic inventore pariatur adipisci nesciunt nam totam.
ijunho,19873,2013-05-30,2020-07-07,인천광역시 구로구 개포71거리 준혁김연립,이하은,gwangsui@hotmail.com,033-716-6334,97,https://www.lorempixel.com/250/250,"Hic quisquam distinctio. Expedita nobis necessitatibus. Animi iusto explicabo alias.
Repudiandae consequatur inventore error tempora minus nemo."
zu,88395,1932-02-27,2020-04-11,충청북도 단양군 백제고분길 지훈박아파트 809호,장동현,jimingu@hanmail.net,061-032-5510,55,https://placeimg.com/250/250/any,Officiis eius dolore unde. Fuga officiis qui atque voluptatibus hic sed. Ipsa libero officiis eligendi nihil sed.
wgim,47426,1957-04-27,2020-03-29,강원도 천안시 서북구 강남대가 옥순서연립 081호,홍은영,isugja@hotmail.com,063-654-1482,70,https://dummyimage.com/250x250,Facere eos debitis minus. Aspernatur libero quod minima dolores deleniti. Quasi ducimus porro enim blanditiis occaecati animi non.
agim,20074,1933-12-09,2020-08-06,울산광역시 강동구 영동대가 (재호권이면) 상훈주타운 402호,김서연,yejincoe@hotmail.com,031-440-6398,37,https://dummyimage.com/250x250,"Nobis sequi vero eum provident exercitationem illo eius. Ratione laudantium nemo.
Vel qui cumque veniam. Dolorem et adipisci rem sint numquam. Ipsum odit minus dolorum praesentium molestias sunt."
siu94,70697,1939-11-20,2020-05-03,대전광역시 용산구 도산대39길 (춘자최백마을) 선영이김타워 바동 266호,김광수,hyeonjungo@hotmail.com,063-021-0543,80,https://www.lorempixel.com/250/250,"Nam voluptatibus nostrum earum nam possimus ab. Libero eos corporis et nostrum.
Laudantium porro et. Accusamus accusamus repellat incidunt necessitatibus soluta."
jihucoe,11492,1993-04-11,2020-08-06,광주광역시 성동구 도산대가 춘자안마을 331호,김경숙,hongseoyeong@live.com,063-311-6030,74,https://dummyimage.com/250x250,"Laborum occaecati excepturi itaque nihil. Quo ab esse vel.
Magnam vero odio alias facere quisquam illo. Provident adipisci fugit mollitia assumenda. Sed ea cumque."
sangceol03,05174,1923-03-25,2020-01-25,제주특별자치도 청주시 상당구 양재천2로 (지민권홍면) 도윤한마을 198호,서영미,iyun@hanmail.net,063-171-5860,57,https://placeimg.com/250/250/any,"Sit minus vitae odit tempore consequatur amet. Sapiente exercitationem quis.
Fuga quia sapiente nisi ut earum qui. Enim est pariatur tempore. Veniam dolores inventore iure esse sunt beatae aperiam."
yujin18,03295,1907-05-03,2020-05-28,대구광역시 성북구 양재천길 숙자이이타워 185호,김서연,yeongsusong@daum.net,042-457-0213,55,https://placekitten.com/250/250,"Nulla quam dolore nulla nulla. Esse non maiores similique aspernatur.
Neque itaque alias nisi labore inventore. Odit optio ratione veritatis iste exercitationem."
whwang,09510,1962-08-12,2020-07-05,전라북도 당진시 양재천가 (서현하홍동) 경수고빌라 935호,홍서준,pju@dreamwiz.com,042-499-2732,59,https://placekitten.com/250/250,"Explicabo amet quas ullam voluptatem aspernatur. Dicta debitis accusamus.
Culpa placeat debitis ipsam. Consectetur ab exercitationem laboriosam iure eos nam molestias."
bhan,90099,1973-12-28,2020-01-24,세종특별자치시 강동구 개포길 (은지황최리) 도윤이송타운,강정식,ogja49@gmail.com,043-762-7896,62,https://www.lorempixel.com/250/250,Ipsa quidem officia sed. Maiores reprehenderit optio quis. Quasi amet quaerat.
yi,27411,1920-11-26,2020-07-29,인천광역시 북구 반포대46길 (영식이면) 도현이마을 295호,이명숙,jiyeong93@dreamwiz.com,018-986-6928,67,https://dummyimage.com/250x250,Ut sint cum molestias reprehenderit voluptatibus repellat. Ipsam magni laboriosam ipsa unde. Aliquid possimus numquam voluptate tempora.
siucoe,99470,1961-06-20,2020-01-05,대구광역시 강동구 오금1거리 아름강이타운 나동 626호,최준서,jcoe@hotmail.com,044-420-5664,64,https://www.lorempixel.com/250/250,Labore qui praesentium laudantium ea iure ut. Incidunt eos minima harum id excepturi maxime est. Odio delectus pariatur ea. Eum sint atque expedita neque.
tju,89377,1944-01-17,2020-07-30,부산광역시 서대문구 역삼7거리 (영미서리) 명자배마을 470호,김현주,ki@live.com,041-211-7915,57,https://www.lorempixel.com/250/250,Nostrum mollitia nulla temporibus consequuntur cupiditate totam. Quos amet nostrum consequuntur incidunt odio consequuntur. Error laudantium alias a explicabo quasi.
seonghyeon83,14209,1971-09-05,2020-07-20,대구광역시 중구 삼성로 (미숙김동) 영길박윤아파트 338호,김지현,bi@dreamwiz.com,044-250-7167,99,https://placeimg.com/250/250/any,Porro deserunt reprehenderit impedit nihil odit. Hic fugit quidem fuga. Delectus eveniet at dignissimos incidunt.
junyeong55,09189,1937-07-07,2020-02-24,부산광역시 강남구 영동대길 영일주김마을 269호,남지후,iyujin@live.com,061-882-3338,38,https://dummyimage.com/250x250,"Quisquam soluta corporis doloremque distinctio. Earum eveniet modi.
Perspiciatis ea tenetur minus eos. Excepturi nulla voluptatum quisquam. Totam suscipit fugit hic."
ssin,15826,2005-03-17,2020-04-10,충청남도 안산시 상록구 반포대길 영호성아파트 249호,최정자,seongho61@nate.com,054-991-8644,14,https://placeimg.com/250/250/any,Eveniet recusandae occaecati alias optio recusandae autem. Excepturi inventore vitae ipsam eum. Perspiciatis nemo ullam cum molestiae.
hyeonjusim,92047,1994-02-05,2020-03-20,충청북도 수원시 봉은사길 (광수박리) 상현이김타워 513호,박정호,jeonghyi07@daum.net,051-157-6125,72,https://www.lorempixel.com/250/250,Doloremque quidem modi velit. Eveniet tenetur enim error animi optio unde quis. Necessitatibus atque modi deleniti.
jyu,64532,1999-11-09,2020-04-09,광주광역시 강동구 개포가 순자서타운 784호,홍수민,yeweonan@dreamwiz.com,062-074-5971,68,https://placeimg.com/250/250/any,"Cupiditate ratione corporis voluptas.
Ex sequi cum quidem facere non nostrum expedita. Suscipit ea sint eius eligendi consequuntur."
nsim,44813,1988-09-02,2020-06-05,울산광역시 동작구 석촌호수길 예지문빌라 U동 805호,장정호,seongjini@live.com,070-2414-3837,36,https://placekitten.com/250/250,"Dolores aut repudiandae illo repellat placeat doloremque. Explicabo voluptatum voluptatum alias error aliquid expedita.
Beatae unde excepturi numquam itaque. Porro omnis quisquam fugit."
yeonghojeong,92582,2011-03-14,2020-01-08,충청북도 옥천군 양재천861거리 예원김이아파트 C동 528호,주지혜,gweonhayun@nate.com,032-675-6296,90,https://www.lorempixel.com/250/250,"Dolore repudiandae distinctio. Porro amet vitae illo nemo distinctio modi.
Ipsam laudantium laboriosam. Dicta odio error ducimus saepe ab occaecati. Numquam nihil sint pariatur."
gcoe,15690,1910-04-25,2020-03-05,충청북도 청주시 상당구 역삼7거리 명숙구타워 X동 075호,이영식,lhan@gmail.com,070-5952-4660,03,https://placekitten.com/250/250,Numquam quae voluptas voluptatum iusto voluptatibus. Omnis consequuntur maiores. Quae a voluptatem.
jongsuan,75306,1929-06-11,2020-07-19,충청남도 안산시 단원구 서초중앙0길 영호김마을 Q동 780호,강수빈,nbag@naver.com,019-503-7153,18,https://www.lorempixel.com/250/250,"Labore soluta voluptate pariatur. Cum harum ullam dolorum adipisci.
Labore nobis consequatur quae tenetur nam laborum. Quidem beatae ullam."
songgyeonghyi,32742,1972-05-03,2020-01-07,인천광역시 성북구 도산대거리 미정박아파트 701호,한상현,seoyun04@naver.com,017-101-2266,95,https://placeimg.com/250/250/any,Aut sint quasi laboriosam neque nisi. Aliquid quasi suscipit distinctio fugit dolores doloremque. Tenetur magnam amet maxime inventore sunt reprehenderit.
gangseojun,96435,1916-06-26,2020-02-24,울산광역시 서구 역삼43로 준호나이빌라,이춘자,zgim@hanmail.net,017-794-9203,05,https://www.lorempixel.com/250/250,Quidem accusamus assumenda quidem ullam aliquid. Quia nisi repellendus praesentium voluptas quos quis. Unde eum totam quae ut quas.
dgim,40641,1986-04-04,2020-02-24,대구광역시 서구 역삼가 서영정박마을 220호,윤미정,jeongsu73@hotmail.com,010-7651-1636,69,https://dummyimage.com/250x250,Alias in reiciendis quae aut soluta. Animi totam magni voluptatibus illum.
qcoe,19694,1911-04-22,2020-02-24,광주광역시 영등포구 학동0거리 정순최연립 595호,박성호,gimgeonu@daum.net,055-116-3175,23,https://placeimg.com/250/250/any,"Laborum corporis laborum error hic corporis earum earum. Rerum eaque cupiditate cupiditate vero nihil vitae.
Velit amet nulla vero."
gimjungsu,90742,2000-01-06,2020-08-02,대구광역시 마포구 영동대267거리 (선영송김동) 성현성연립 419호,이경수,qgim@naver.com,054-100-0210,59,https://dummyimage.com/250x250,Ab est odio optio dignissimos dolore suscipit at. Aspernatur qui mollitia nesciunt pariatur magnam tempora. Quaerat aperiam id facilis officia fugit ea ratione.
ojinho,99112,1967-02-02,2020-05-16,부산광역시 서초구 논현63가 수빈한서타운 790호,김상호,hayunbag@daum.net,011-013-6685,42,https://www.lorempixel.com/250/250,"Eos itaque ullam nulla non nemo. Numquam nisi repellendus ut nihil vitae dolore.
Fugiat ut placeat hic cupiditate. Fugiat autem sunt ex non iusto molestiae."
seungmin29,26231,1926-11-01,2020-04-07,대구광역시 노원구 오금거리 준호황황타워,허옥순,ebag@daum.net,052-129-6675,00,https://placekitten.com/250/250,Alias earum minima quia quidem saepe dicta iure. Laudantium laborum ex.
migyeong54,57693,2002-09-15,2020-07-04,강원도 고양시 일산서구 가락5길 상훈남타운 F동 865호,송도현,yeongjai@hotmail.com,052-794-7740,85,https://www.lorempixel.com/250/250,"Ipsum minus fugiat cum totam.
Voluptatum perspiciatis laborum cum unde hic. Deserunt alias odio natus illo provident. Qui dolorem excepturi sequi ipsa beatae."
yeongsunyun,99806,1979-01-31,2020-06-09,세종특별자치시 금천구 오금7가 종수송최아파트,이영수,mingwangsu@gmail.com,051-395-5870,89,https://dummyimage.com/250x250,Commodi distinctio voluptate quos laudantium deleniti. Voluptates quia recusandae. Quisquam quidem aspernatur dolores explicabo debitis dignissimos excepturi.
eunyeong24,87373,1935-11-12,2020-02-28,충청북도 정선군 영동대170가 (준영박유면) 은정강타워,이은주,jaehyeongim@hanmail.net,044-868-7644,31,https://placeimg.com/250/250/any,Unde aspernatur maiores nisi adipisci nostrum. Autem enim nihil accusantium dolor laborum rerum. Iusto cum consequuntur maiores accusamus sit sapiente.
ijihyeon,22699,1906-06-09,2020-02-12,부산광역시 동작구 서초대거리 (영진김면) 순옥홍김마을 978호,한정남,jeongsunbag@hotmail.com,053-292-9046,00,https://dummyimage.com/250x250,Accusamus ipsum cumque. Animi quo quod voluptatibus ratione ad ea. Deserunt explicabo eaque placeat rerum voluptatibus ratione.
eunjeonggim,89329,1926-05-31,2020-04-17,강원도 화성시 봉은사85길 현준허이타워 O동 353호,배영진,jihu87@hotmail.com,053-148-1715,11,https://dummyimage.com/250x250,"Nam labore architecto molestiae aspernatur molestiae totam. Velit dolore veritatis veniam eos quos praesentium.
Mollitia maxime impedit porro ea similique. Quis dolor magnam doloribus tempore aut."
yangyeongceol,90402,1928-01-26,2020-04-20,전라북도 동해시 언주로 서윤김류연립,손수민,jimin73@live.com,064-722-6934,53,https://www.lorempixel.com/250/250,Illo impedit architecto dolores voluptates unde. Fugiat assumenda dolore.
donghyeonbag,48241,1995-01-03,2020-03-23,인천광역시 노원구 학동7가 윤서이타운 K동 563호,박숙자,kjo@daum.net,051-907-6089,29,https://www.lorempixel.com/250/250,Laudantium quisquam eius quo odio alias iste. Blanditiis neque iste laboriosam a. Suscipit in deleniti ea unde voluptates delectus.
sangceolhan,94473,1938-07-29,2020-01-06,제주특별자치도 안양시 동안구 선릉길 (성호김최면) 순자안우빌라 나동 978호,이준영,oson@gmail.com,044-423-9989,29,https://placeimg.com/250/250/any,"Corporis sint laboriosam laborum autem labore. Beatae accusantium recusandae minus esse.
Excepturi reprehenderit quo officia. Quaerat quod ratione enim. Animi repellat quod."
ugim,45067,1970-10-23,2020-05-09,인천광역시 강동구 서초중앙81가 영호김타운 910호,박정희,yeongho25@live.com,053-551-5914,69,https://placekitten.com/250/250,Eius praesentium tenetur optio. Rerum dolores delectus distinctio optio necessitatibus in. Omnis consectetur quisquam nobis nobis inventore.
namujin,57183,2017-01-15,2020-07-17,충청북도 동해시 테헤란가 (중수이김동) 진우배이타운 E동 442호,이서영,hyeonjuncoe@nate.com,062-640-9575,94,https://placeimg.com/250/250/any,Cupiditate molestiae quas non repellat officia fuga. Laboriosam quod expedita debitis tempora dicta nulla.
yejun39,31040,1956-06-03,2020-06-15,대구광역시 성동구 영동대08로 (정자서이동) 예원유안아파트 V동 129호,김수민,hgim@hanmail.net,019-742-1218,21,https://dummyimage.com/250x250,"A dignissimos ex veritatis blanditiis animi dolorem non. Sed eligendi commodi dicta eius quia.
Vero sit ipsam labore id deserunt dolores. Aut iusto officia."
