white,/assets/images/eccar/tesla/model3/white.jpg,1
gray,/assets/images/eccar/tesla/model3/gray.jpg,1
red,/assets/images/eccar/tesla/model3/red.jpg,1
blue,/assets/images/eccar/tesla/model3/blue.jpg,1
black,/assets/images/eccar/tesla/model3/black.jpg,1
white,/assets/images/eccar/audi/etron/white.jpg,2
gray,/assets/images/eccar/audi/etron/gray.jpg,2
green,/assets/images/eccar/audi/etron/green.jpg,2
blue,/assets/images/eccar/audi/etron/blue.jpg,2
black,/assets/images/eccar/audi/etron/black.jpg,2
white,/assets/images/eccar/hyundai/kona/white.jpg,3
gray,/assets/images/eccar/hyundai/kona/gray.jpg,3
red,/assets/images/eccar/hyundai/kona/red.jpg,3
blue,/assets/images/eccar/hyundai/kona/blue.jpg,3
black,/assets/images/eccar/hyundai/kona/black.jpg,3
yellow,/assets/images/eccar/peoguot/e208/yellow.jpg,4
blue,/assets/images/eccar/peoguot/e208/blue.jpg,4
gray,/assets/images/eccar/banz/eqc/gray.jpg,5
white,/assets/images/eccar/banz/eqc/white.jpg,5
white,/assets/images/eccar/samsung/twiz/white.jpg,6
orange,/assets/images/eccar/samsung/twiz/orange.jpg,6
blue,/assets/images/eccar/samsung/twiz/blue.jpg,6
black,/assets/images/eccar/samsung/twiz/black.jpg,6
white,/assets/images/eccar/tesla/modelx/white.jpg,7
gray,/assets/images/eccar/tesla/modelx/gray.jpg,7
red,/assets/images/eccar/tesla/modelx/red.jpg,7
blue,/assets/images/eccar/tesla/modelx/blue.jpg,7
black,/assets/images/eccar/tesla/modelx/black.jpg,7
white,/assets/images/eccar/samsung/sm3ze/white.jpg,8
gray,/assets/images/eccar/samsung/sm3ze/gray.jpg,8
black,/assets/images/eccar/samsung/sm3ze/black.jpg,8
blue,/assets/images/eccar/kia/soulbooster/blue.jpg,9
gray,/assets/images/eccar/kia/soulbooster/gray.jpg,9
red,/assets/images/eccar/kia/soulbooster/red.jpg,9
white,/assets/images/eccar/kia/soulbooster/white.jpg,9
yellow,/assets/images/eccar/kia/soulbooster/yellow.jpg,9
white,/assets/images/eccar/hyundai/porter2/white.jpg,10
white,/assets/images/eccar/tesla/models/white.jpg,11
gray,/assets/images/eccar/tesla/models/gray.jpg,11
red,/assets/images/eccar/tesla/models/red.jpg,11
blue,/assets/images/eccar/tesla/models/blue.jpg,11
black,/assets/images/eccar/tesla/models/black.jpg,11
white,/assets/images/eccar/chevrolet/bolt/white.jpg,12
gray,/assets/images/eccar/chevrolet/bolt/gray.jpg,12
red,/assets/images/eccar/chevrolet/bolt/red.jpg,12
blue,/assets/images/eccar/chevrolet/bolt/blue.jpg,12
black,/assets/images/eccar/chevrolet/bolt/black.jpg,12
black,/assets/images/eccar/kia/niro/black.jpg,13
white,/assets/images/eccar/kia/niro/white.jpg,13
gray,/assets/images/eccar/kia/niro/gray.jpg,13
white,/assets/images/eccar/kia/bongo3/white.jpg,14
black,/assets/images/eccar/hyundai/ioniq/black.jpg,15
white,/assets/images/eccar/hyundai/ioniq/white.jpg,15
gray,/assets/images/eccar/hyundai/ioniq/gray.jpg,15
blue,/assets/images/eccar/hyundai/ioniq/blue.jpg,15
red,/assets/images/eccar/cammsys/cevoc/red.jpg,16
green,/assets/images/eccar/cammsys/cevoc/green.jpg,16
blue,/assets/images/eccar/cammsys/cevoc/blue.jpg,16
white,/assets/images/eccar/jaguar/ipace/white.jpg,17
red,/assets/images/eccar/jaguar/ipace/red.jpg,17
gray,/assets/images/eccar/jaguar/ipace/gray.jpg,17
yellow,/assets/images/eccar/jaguar/ipace/yellow.jpg,17
blue,/assets/images/eccar/jaguar/ipace/blue.jpg,17
black,/assets/images/eccar/jaguar/ipace/black.jpg,17
gray,/assets/images/eccar/bmw/i3/gray.jpg,18
blue,/assets/images/eccar/bmw/i3/blue.jpg,18
red,/assets/images/eccar/bmw/i3/red.jpg,18
white,/assets/images/eccar/bmw/i3/white.jpg,18
black,/assets/images/eccar/bmw/i3/black.jpg,18
orange,/assets/images/eccar/nissan/leaf/orange.jpg,19
black,/assets/images/eccar/nissan/leaf/black.jpg,19
white,/assets/images/eccar/nissan/leaf/white.jpg,19
gray,/assets/images/eccar/nissan/leaf/gray.jpg,19
blue,/assets/images/eccar/nissan/leaf/blue.jpg,19
red,/assets/images/eccar/nissan/leaf/red.jpg,19
gray,/assets/images/eccar/tesla/model3/gray.jpg,20
white,/assets/images/eccar/tesla/model3/white.jpg,20
red,/assets/images/eccar/tesla/model3/red.jpg,20
blue,/assets/images/eccar/tesla/model3/blue.jpg,20
black,/assets/images/eccar/tesla/model3/black.jpg,20
gray,/assets/images/eccar/hyundai/kona/gray.jpg,21
white,/assets/images/eccar/hyundai/kona/white.jpg,21
red,/assets/images/eccar/hyundai/kona/red.jpg,21
blue,/assets/images/eccar/hyundai/kona/blue.jpg,21
black,/assets/images/eccar/hyundai/kona/black.jpg,21
red,/assets/images/eccar/tesla/model3/red.jpg,22
white,/assets/images/eccar/tesla/model3/white.jpg,22
gray,/assets/images/eccar/tesla/model3/gray.jpg,22
blue,/assets/images/eccar/tesla/model3/blue.jpg,22
black,/assets/images/eccar/tesla/model3/black.jpg,22
black,/assets/images/eccar/chevrolet/bolt/black.jpg,23
white,/assets/images/eccar/chevrolet/bolt/white.jpg,23
gray,/assets/images/eccar/chevrolet/bolt/gray.jpg,23
red,/assets/images/eccar/chevrolet/bolt/red.jpg,23
blue,/assets/images/eccar/chevrolet/bolt/blue.jpg,23
red,/assets/images/eccar/bmw/i3/red.jpg,24
black,/assets/images/eccar/bmw/i3/black.jpg,24
white,/assets/images/eccar/bmw/i3/white.jpg,24
gray,/assets/images/eccar/bmw/i3/gray.jpg,24
blue,/assets/images/eccar/bmw/i3/blue.jpg,24
blue,/assets/images/eccar/peoguot/e208/blue.jpg,25
yellow,/assets/images/eccar/peoguot/e208/yellow.jpg,25
gray,/assets/images/eccar/tesla/modelx/gray.jpg,26
white,/assets/images/eccar/tesla/modelx/white.jpg,26
red,/assets/images/eccar/tesla/modelx/red.jpg,26
blue,/assets/images/eccar/tesla/modelx/blue.jpg,26
black,/assets/images/eccar/tesla/modelx/black.jpg,26
blue,/assets/images/eccar/jaguar/ipace/blue.jpg,27
red,/assets/images/eccar/jaguar/ipace/red.jpg,27
yellow,/assets/images/eccar/jaguar/ipace/yellow.jpg,27
white,/assets/images/eccar/jaguar/ipace/white.jpg,27
gray,/assets/images/eccar/jaguar/ipace/gray.jpg,27
black,/assets/images/eccar/jaguar/ipace/black.jpg,27
white,/assets/images/eccar/banz/eqc/white.jpg,28
gray,/assets/images/eccar/banz/eqc/gray.jpg,28
gray,/assets/images/eccar/tesla/models/gray.jpg,29
white,/assets/images/eccar/tesla/models/white.jpg,29
red,/assets/images/eccar/tesla/models/red.jpg,29
blue,/assets/images/eccar/tesla/models/blue.jpg,29
black,/assets/images/eccar/tesla/models/black.jpg,29
blue,/assets/images/eccar/nissan/leaf/blue.jpg,30
orange,/assets/images/eccar/nissan/leaf/orange.jpg,30
black,/assets/images/eccar/nissan/leaf/black.jpg,30
white,/assets/images/eccar/nissan/leaf/white.jpg,30
gray,/assets/images/eccar/nissan/leaf/gray.jpg,30
red,/assets/images/eccar/nissan/leaf/red.jpg,30
orange,/assets/images/eccar/samsung/twiz/orange.jpg,31
white,/assets/images/eccar/samsung/twiz/white.jpg,31
blue,/assets/images/eccar/samsung/twiz/blue.jpg,31
black,/assets/images/eccar/samsung/twiz/black.jpg,31
gray,/assets/images/eccar/samsung/sm3ze/gray.jpg,32
white,/assets/images/eccar/samsung/sm3ze/white.jpg,32
black,/assets/images/eccar/samsung/sm3ze/black.jpg,32
red,/assets/images/eccar/kia/soulbooster/red.jpg,33
blue,/assets/images/eccar/kia/soulbooster/blue.jpg,33
gray,/assets/images/eccar/kia/soulbooster/gray.jpg,33
white,/assets/images/eccar/kia/soulbooster/white.jpg,33
yellow,/assets/images/eccar/kia/soulbooster/yellow.jpg,33
white,/assets/images/eccar/hyundai/porter2/white.jpg,34
black,/assets/images/eccar/bmw/i3/black.jpg,35
white,/assets/images/eccar/bmw/i3/white.jpg,35
gray,/assets/images/eccar/bmw/i3/gray.jpg,35
blue,/assets/images/eccar/bmw/i3/blue.jpg,35
red,/assets/images/eccar/bmw/i3/red.jpg,35
red,/assets/images/eccar/chevrolet/bolt/red.jpg,36
black,/assets/images/eccar/chevrolet/bolt/black.jpg,36
white,/assets/images/eccar/chevrolet/bolt/white.jpg,36
gray,/assets/images/eccar/chevrolet/bolt/gray.jpg,36
blue,/assets/images/eccar/chevrolet/bolt/blue.jpg,36
gray,/assets/images/eccar/kia/niro/gray.jpg,37
black,/assets/images/eccar/kia/niro/black.jpg,37
white,/assets/images/eccar/kia/niro/white.jpg,37
white,/assets/images/eccar/kia/bongo3/white.jpg,38
white,/assets/images/eccar/hyundai/ioniq/white.jpg,39
gray,/assets/images/eccar/hyundai/ioniq/gray.jpg,39
blue,/assets/images/eccar/hyundai/ioniq/blue.jpg,39
black,/assets/images/eccar/hyundai/ioniq/black.jpg,39
red,/assets/images/eccar/jaguar/ipace/red.jpg,40
yellow,/assets/images/eccar/jaguar/ipace/yellow.jpg,40
white,/assets/images/eccar/jaguar/ipace/white.jpg,40
gray,/assets/images/eccar/jaguar/ipace/gray.jpg,40
blue,/assets/images/eccar/jaguar/ipace/blue.jpg,40
black,/assets/images/eccar/jaguar/ipace/black.jpg,40
white,/assets/images/eccar/bmw/i3/white.jpg,41
gray,/assets/images/eccar/bmw/i3/gray.jpg,41
blue,/assets/images/eccar/bmw/i3/blue.jpg,41
red,/assets/images/eccar/bmw/i3/red.jpg,41
black,/assets/images/eccar/bmw/i3/black.jpg,41
white,https://imgauto-phinf.pstatic.net/20190527_46/auto_1558936355161td9B0_PNG/20190527145232_Q5UHVKPu.png?type=f508_367,42
red,https://imgauto-phinf.pstatic.net/20190927_111/auto_1569574605133xxntg_PNG/20190927175643_lcn4NORl.png?type=f567_410,43
red,https://imgauto-phinf.pstatic.net/20190927_111/auto_1569574605133xxntg_PNG/20190927175643_lcn4NORl.png?type=f567_410,44
black,https://imgauto-phinf.pstatic.net/20191204_241/auto_1575452308554hFt1m_PNG/20191204183825_k9rjDN0r.png?type=f567_410,45
black,https://imgauto-phinf.pstatic.net/20191204_241/auto_1575452308554hFt1m_PNG/20191204183825_k9rjDN0r.png?type=f567_410,46
gray,https://imgauto-phinf.pstatic.net/20190827_51/auto_1566912967583mnh7v_PNG/20190827223603_k2ZAnZ3j.png?type=f567_410,47
gray,https://imgauto-phinf.pstatic.net/20190827_51/auto_1566912967583mnh7v_PNG/20190827223603_k2ZAnZ3j.png?type=f567_410,48
gray,https://imgauto-phinf.pstatic.net/20190827_51/auto_1566912967583mnh7v_PNG/20190827223603_k2ZAnZ3j.png?type=f567_410,49
gray,https://imgauto-phinf.pstatic.net/20190827_51/auto_1566912967583mnh7v_PNG/20190827223603_k2ZAnZ3j.png?type=f567_410,50
gray,https://imgauto-phinf.pstatic.net/20190827_51/auto_1566912967583mnh7v_PNG/20190827223603_k2ZAnZ3j.png?type=f567_410,51
gray,https://imgauto-phinf.pstatic.net/20190827_51/auto_1566912967583mnh7v_PNG/20190827223603_k2ZAnZ3j.png?type=f567_410,52
gray,https://imgauto-phinf.pstatic.net/20190827_51/auto_1566912967583mnh7v_PNG/20190827223603_k2ZAnZ3j.png?type=f567_410,53
blue,https://imgauto-phinf.pstatic.net/20190114_2/auto_1547455104187G6Edv_PNG/20190114173822_vzZONH7N.png?type=f508_367,54
blue,https://imgauto-phinf.pstatic.net/20190114_2/auto_1547455104187G6Edv_PNG/20190114173822_vzZONH7N.png?type=f508_367,55
white,https://imgauto-phinf.pstatic.net/20140410_168/auto_1397105689801YeYST_PNG/20140410135446_jAc8qz2i.png?type=f508_367,56
white,https://imgauto-phinf.pstatic.net/20140410_168/auto_1397105689801YeYST_PNG/20140410135446_jAc8qz2i.png?type=f508_367,57
white,https://imgauto-phinf.pstatic.net/20140410_168/auto_1397105689801YeYST_PNG/20140410135446_jAc8qz2i.png?type=f508_367,58
white,https://imgauto-phinf.pstatic.net/20190527_46/auto_1558936355161td9B0_PNG/20190527145232_Q5UHVKPu.png?type=f508_367,59
white,https://imgauto-phinf.pstatic.net/20190527_46/auto_1558936355161td9B0_PNG/20190527145232_Q5UHVKPu.png?type=f508_367,60
white,https://imgauto-phinf.pstatic.net/20190527_46/auto_1558936355161td9B0_PNG/20190527145232_Q5UHVKPu.png?type=f508_367,61
white,https://imgauto-phinf.pstatic.net/20190527_46/auto_1558936355161td9B0_PNG/20190527145232_Q5UHVKPu.png?type=f508_367,62
white,https://imgauto-phinf.pstatic.net/20190527_46/auto_1558936355161td9B0_PNG/20190527145232_Q5UHVKPu.png?type=f508_367,63
blue,https://imgauto-phinf.pstatic.net/20170209_92/auto_1486618819477kxAJm_PNG/20170209144017_efZuXVMD.png?type=f508_367,64
gray,https://imgauto-phinf.pstatic.net/20180321_106/auto_1521603179258kMKAg_PNG/20180321123222_VYSFoBhu.png?type=f508_367,65
gray,https://imgauto-phinf.pstatic.net/20180321_106/auto_1521603179258kMKAg_PNG/20180321123222_VYSFoBhu.png?type=f508_367,66
gray,https://imgauto-phinf.pstatic.net/20180321_106/auto_1521603179258kMKAg_PNG/20180321123222_VYSFoBhu.png?type=f508_367,67
gray,https://imgauto-phinf.pstatic.net/20180321_106/auto_1521603179258kMKAg_PNG/20180321123222_VYSFoBhu.png?type=f508_367,68
gray,https://imgauto-phinf.pstatic.net/20180321_106/auto_1521603179258kMKAg_PNG/20180321123222_VYSFoBhu.png?type=f508_367,69
black,/assets/images/eccar/flatusa/500e/black.jpg,70
white,/assets/images/eccar/flatusa/500e/white.jpg,70
gray,/assets/images/eccar/flatusa/500e/gray.jpg,70
orange,/assets/images/eccar/flatusa/500e/orange.jpg,70
black,/assets/images/eccar/porsche/taycan/black.jpg,71
white,/assets/images/eccar/porsche/taycan/white.jpg,71
gray,/assets/images/eccar/porsche/taycan/gray.jpg,71
blue,/assets/images/eccar/porsche/taycan/blue.jpg,71
red,/assets/images/eccar/porsche/taycan/red.jpg,71
green,/assets/images/eccar/porsche/taycan/green.jpg,71
